<?xml version="1.0" encoding="UTF-8"?>
<gpx xmlns="http://www.topografix.com/GPX/1/1" version="1.1" creator="ExpertGPS 8.56 using Garmin GPSMAP 62stc" xmlns:xsi="http://www.w3.org/2001/XMLSchema-instance" xmlns:wptx1="http://www.garmin.com/xmlschemas/WaypointExtension/v1" xmlns:gpxx="http://www.garmin.com/xmlschemas/GpxExtensions/v3" xmlns:gpxtpx="http://www.garmin.com/xmlschemas/TrackPointExtension/v1" xsi:schemaLocation="http://www.topografix.com/GPX/1/1 https://www.topografix.com/GPX/1/1/gpx.xsd http://www.topografix.com/GPX/gpx_style/0/2 https://www.topografix.com/GPX/gpx_style/0/2/gpx_style.xsd http://www.topografix.com/GPX/gpx_overlay/0/5 https://www.topografix.com/GPX/gpx_overlay/0/5/gpx_overlay.xsd http://www.topografix.com/GPX/gpx_modified/0/1 https://www.topografix.com/GPX/gpx_modified/0/1/gpx_modified.xsd http://www.topografix.com/GPX/Private/TopoGrafix/0/5 https://www.topografix.com/GPX/Private/TopoGrafix/0/5/topografix.xsd http://www.garmin.com/xmlschemas/WaypointExtension/v1 https://www8.garmin.com/xmlschemas/WaypointExtensionv1.xsd http://www.garmin.com/xmlschemas/GpxExtensions/v3 https://www8.garmin.com/xmlschemas/GpxExtensionsv3.xsd http://www.garmin.com/xmlschemas/TrackPointExtension/v1 https://www8.garmin.com/xmlschemas/TrackPointExtensionv1.xsd">
<metadata>
<bounds minlat="33.66000000" minlon="-111.20000000" maxlat="33.75000000" maxlon="-111.06000000"/>
<extensions>
<time xmlns="http://www.topografix.com/GPX/gpx_modified/0/1">2024-03-01T15:46:27.067Z</time>
<pro_data_column xmlns="http://www.topografix.com/GPX/Private/TopoGrafix/0/5" list="wpt" name="id"/>
<pro_data_column xmlns="http://www.topografix.com/GPX/Private/TopoGrafix/0/5" list="wpt" name="lake"/>
<pro_data_column xmlns="http://www.topografix.com/GPX/Private/TopoGrafix/0/5" list="wpt" name="date"/>
<pro_data_column xmlns="http://www.topografix.com/GPX/Private/TopoGrafix/0/5" list="wpt" name="structure_type"/>
<pro_data_column xmlns="http://www.topografix.com/GPX/Private/TopoGrafix/0/5" list="wpt" name="structures"/>
<pro_data_column xmlns="http://www.topografix.com/GPX/Private/TopoGrafix/0/5" list="wpt" name="cove_name_location"/>
<pro_data_column xmlns="http://www.topografix.com/GPX/Private/TopoGrafix/0/5" list="wpt" name="installed_by"/>
<pro_data_column xmlns="http://www.topografix.com/GPX/Private/TopoGrafix/0/5" list="wpt" name="depth_elev"/>
</extensions>
</metadata>
<wpt lat="33.66000000" lon="-111.08000000">
<time>2024-03-01T15:46:45.031Z</time>
<extensions>
<label xmlns="http://www.topografix.com/GPX/gpx_overlay/0/5">
</label>
<ExtendedData xmlns="http://www.topografix.com/GPX/Private/TopoGrafix/0/5">
<Data name="depth_elev">
<value>20-40</value>
</Data>
<Data name="structure_type">
<value>Christmas Trees</value>
</Data>
<Data name="cove_name_location">
<value>Site 1</value>
</Data>
<Data name="lake">
<value>Roosevelt Lake</value>
</Data>
<Data name="date">
<value>2024-01-30</value>
</Data>
<Data name="id">
<value>1917</value>
</Data>
<Data name="structures">
<value>150</value>
</Data>
<Data name="installed_by">
<value>AZGFD</value>
</Data>
</ExtendedData>
</extensions>
</wpt>
<wpt lat="33.66000000" lon="-111.07000000">
<time>2024-03-01T15:46:45.031Z</time>
<extensions>
<label xmlns="http://www.topografix.com/GPX/gpx_overlay/0/5">
</label>
<ExtendedData xmlns="http://www.topografix.com/GPX/Private/TopoGrafix/0/5">
<Data name="depth_elev">
<value>30</value>
</Data>
<Data name="structure_type">
<value>Christmas Trees</value>
</Data>
<Data name="cove_name_location">
<value>Site 2</value>
</Data>
<Data name="lake">
<value>Roosevelt Lake</value>
</Data>
<Data name="date">
<value>2024-01-30</value>
</Data>
<Data name="id">
<value>1918</value>
</Data>
<Data name="structures">
<value>85</value>
</Data>
<Data name="installed_by">
<value>AZGFD</value>
</Data>
</ExtendedData>
</extensions>
</wpt>
<wpt lat="33.68000000" lon="-111.07000000">
<time>2024-03-01T15:46:45.031Z</time>
<extensions>
<label xmlns="http://www.topografix.com/GPX/gpx_overlay/0/5">
</label>
<ExtendedData xmlns="http://www.topografix.com/GPX/Private/TopoGrafix/0/5">
<Data name="depth_elev">
<value>20-30</value>
</Data>
<Data name="structure_type">
<value>Christmas Trees</value>
</Data>
<Data name="cove_name_location">
<value>Site 3</value>
</Data>
<Data name="lake">
<value>Roosevelt Lake</value>
</Data>
<Data name="date">
<value>2024-01-30</value>
</Data>
<Data name="id">
<value>1919</value>
</Data>
<Data name="structures">
<value>71</value>
</Data>
<Data name="installed_by">
<value>AZGFD</value>
</Data>
</ExtendedData>
</extensions>
</wpt>
<wpt lat="33.70000000" lon="-111.09000000">
<time>2024-03-01T15:46:45.031Z</time>
<extensions>
<label xmlns="http://www.topografix.com/GPX/gpx_overlay/0/5">
</label>
<ExtendedData xmlns="http://www.topografix.com/GPX/Private/TopoGrafix/0/5">
<Data name="depth_elev">
<value>40</value>
</Data>
<Data name="structure_type">
<value>Christmas Trees</value>
</Data>
<Data name="cove_name_location">
<value>Site 4</value>
</Data>
<Data name="lake">
<value>Roosevelt Lake</value>
</Data>
<Data name="date">
<value>2024-01-30</value>
</Data>
<Data name="id">
<value>1920</value>
</Data>
<Data name="structures">
<value>65</value>
</Data>
<Data name="installed_by">
<value>AZGFD</value>
</Data>
</ExtendedData>
</extensions>
</wpt>
<wpt lat="33.69000000" lon="-111.09000000">
<time>2024-03-01T15:46:45.031Z</time>
<extensions>
<label xmlns="http://www.topografix.com/GPX/gpx_overlay/0/5">
</label>
<ExtendedData xmlns="http://www.topografix.com/GPX/Private/TopoGrafix/0/5">
<Data name="depth_elev">
<value>40-60</value>
</Data>
<Data name="structure_type">
<value>Christmas Trees</value>
</Data>
<Data name="cove_name_location">
<value>Site 5</value>
</Data>
<Data name="lake">
<value>Roosevelt Lake</value>
</Data>
<Data name="date">
<value>2024-01-30</value>
</Data>
<Data name="id">
<value>1921</value>
</Data>
<Data name="structures">
<value>50</value>
</Data>
<Data name="installed_by">
<value>AZGFD</value>
</Data>
</ExtendedData>
</extensions>
</wpt>
<wpt lat="33.70000000" lon="-111.13000000">
<time>2024-03-01T15:46:45.031Z</time>
<extensions>
<label xmlns="http://www.topografix.com/GPX/gpx_overlay/0/5">
</label>
<ExtendedData xmlns="http://www.topografix.com/GPX/Private/TopoGrafix/0/5">
<Data name="depth_elev">
<value>30-40</value>
</Data>
<Data name="structure_type">
<value>Christmas Trees</value>
</Data>
<Data name="cove_name_location">
<value>Site 6</value>
</Data>
<Data name="lake">
<value>Roosevelt Lake</value>
</Data>
<Data name="date">
<value>2024-01-30</value>
</Data>
<Data name="id">
<value>1922</value>
</Data>
<Data name="structures">
<value>67</value>
</Data>
<Data name="installed_by">
<value>AZGFD</value>
</Data>
</ExtendedData>
</extensions>
</wpt>
<wpt lat="33.69000000" lon="-111.14000000">
<time>2024-03-01T15:46:45.031Z</time>
<extensions>
<label xmlns="http://www.topografix.com/GPX/gpx_overlay/0/5">
</label>
<ExtendedData xmlns="http://www.topografix.com/GPX/Private/TopoGrafix/0/5">
<Data name="depth_elev">
<value>60</value>
</Data>
<Data name="structure_type">
<value>Christmas Trees</value>
</Data>
<Data name="cove_name_location">
<value>Site 7</value>
</Data>
<Data name="lake">
<value>Roosevelt Lake</value>
</Data>
<Data name="date">
<value>2024-01-30</value>
</Data>
<Data name="id">
<value>1923</value>
</Data>
<Data name="structures">
<value>87</value>
</Data>
<Data name="installed_by">
<value>AZGFD</value>
</Data>
</ExtendedData>
</extensions>
</wpt>
<wpt lat="33.69000000" lon="-111.15000000">
<time>2024-03-01T15:46:45.031Z</time>
<extensions>
<label xmlns="http://www.topografix.com/GPX/gpx_overlay/0/5">
</label>
<ExtendedData xmlns="http://www.topografix.com/GPX/Private/TopoGrafix/0/5">
<Data name="depth_elev">
<value>30</value>
</Data>
<Data name="structure_type">
<value>Christmas Trees</value>
</Data>
<Data name="cove_name_location">
<value>Site 8</value>
</Data>
<Data name="lake">
<value>Roosevelt Lake</value>
</Data>
<Data name="date">
<value>2024-01-30</value>
</Data>
<Data name="id">
<value>1924</value>
</Data>
<Data name="structures">
<value>75</value>
</Data>
<Data name="installed_by">
<value>AZGFD</value>
</Data>
</ExtendedData>
</extensions>
</wpt>
<wpt lat="33.72000000" lon="-111.15000000">
<time>2024-03-01T15:46:45.031Z</time>
<extensions>
<label xmlns="http://www.topografix.com/GPX/gpx_overlay/0/5">
</label>
<ExtendedData xmlns="http://www.topografix.com/GPX/Private/TopoGrafix/0/5">
<Data name="depth_elev">
<value>20-60</value>
</Data>
<Data name="structure_type">
<value>Christmas Trees</value>
</Data>
<Data name="cove_name_location">
<value>Site 9</value>
</Data>
<Data name="lake">
<value>Roosevelt Lake</value>
</Data>
<Data name="date">
<value>2024-01-30</value>
</Data>
<Data name="id">
<value>1925</value>
</Data>
<Data name="structures">
<value>277</value>
</Data>
<Data name="installed_by">
<value>AZGFD</value>
</Data>
</ExtendedData>
</extensions>
</wpt>
<wpt lat="33.70000000" lon="-111.18000000">
<time>2024-03-01T15:46:45.031Z</time>
<extensions>
<label xmlns="http://www.topografix.com/GPX/gpx_overlay/0/5">
</label>
<ExtendedData xmlns="http://www.topografix.com/GPX/Private/TopoGrafix/0/5">
<Data name="depth_elev">
<value>25-69</value>
</Data>
<Data name="structure_type">
<value>Christmas Trees</value>
</Data>
<Data name="cove_name_location">
<value>Site 10</value>
</Data>
<Data name="lake">
<value>Roosevelt Lake</value>
</Data>
<Data name="date">
<value>2024-01-30</value>
</Data>
<Data name="id">
<value>1926</value>
</Data>
<Data name="structures">
<value>286</value>
</Data>
<Data name="installed_by">
<value>AZGFD</value>
</Data>
</ExtendedData>
</extensions>
</wpt>
<wpt lat="33.67000000" lon="-111.13000000">
<time>2024-03-01T15:46:45.031Z</time>
<extensions>
<label xmlns="http://www.topografix.com/GPX/gpx_overlay/0/5">
</label>
<ExtendedData xmlns="http://www.topografix.com/GPX/Private/TopoGrafix/0/5">
<Data name="depth_elev">
<value>17-65</value>
</Data>
<Data name="structure_type">
<value>Christmas Trees</value>
</Data>
<Data name="cove_name_location">
<value>Site 11</value>
</Data>
<Data name="lake">
<value>Roosevelt Lake</value>
</Data>
<Data name="date">
<value>2024-01-30</value>
</Data>
<Data name="id">
<value>1927</value>
</Data>
<Data name="structures">
<value>264</value>
</Data>
<Data name="installed_by">
<value>AZGFD</value>
</Data>
</ExtendedData>
</extensions>
</wpt>
<wpt lat="33.67000000" lon="-111.10000000">
<time>2024-03-01T15:46:45.031Z</time>
<extensions>
<label xmlns="http://www.topografix.com/GPX/gpx_overlay/0/5">
</label>
<ExtendedData xmlns="http://www.topografix.com/GPX/Private/TopoGrafix/0/5">
<Data name="depth_elev">
<value>50</value>
</Data>
<Data name="structure_type">
<value>Christmas Trees</value>
</Data>
<Data name="cove_name_location">
<value>Site 12</value>
</Data>
<Data name="lake">
<value>Roosevelt Lake</value>
</Data>
<Data name="date">
<value>2024-01-30</value>
</Data>
<Data name="id">
<value>1928</value>
</Data>
<Data name="structures">
<value>55</value>
</Data>
<Data name="installed_by">
<value>AZGFD</value>
</Data>
</ExtendedData>
</extensions>
</wpt>
<wpt lat="33.67000000" lon="-111.09000000">
<time>2024-03-01T15:46:45.031Z</time>
<extensions>
<label xmlns="http://www.topografix.com/GPX/gpx_overlay/0/5">
</label>
<ExtendedData xmlns="http://www.topografix.com/GPX/Private/TopoGrafix/0/5">
<Data name="depth_elev">
<value>50-60</value>
</Data>
<Data name="structure_type">
<value>Christmas Trees</value>
</Data>
<Data name="cove_name_location">
<value>Site 13</value>
</Data>
<Data name="lake">
<value>Roosevelt Lake</value>
</Data>
<Data name="date">
<value>2024-01-30</value>
</Data>
<Data name="id">
<value>1929</value>
</Data>
<Data name="structures">
<value>45</value>
</Data>
<Data name="installed_by">
<value>AZGFD</value>
</Data>
</ExtendedData>
</extensions>
</wpt>
<wpt lat="33.68000000" lon="-111.09000000">
<time>2024-03-01T15:46:45.031Z</time>
<extensions>
<label xmlns="http://www.topografix.com/GPX/gpx_overlay/0/5">
</label>
<ExtendedData xmlns="http://www.topografix.com/GPX/Private/TopoGrafix/0/5">
<Data name="depth_elev">
<value>30-50</value>
</Data>
<Data name="structure_type">
<value>Christmas Trees</value>
</Data>
<Data name="cove_name_location">
<value>Site 14</value>
</Data>
<Data name="lake">
<value>Roosevelt Lake</value>
</Data>
<Data name="date">
<value>2024-01-30</value>
</Data>
<Data name="id">
<value>1930</value>
</Data>
<Data name="structures">
<value>82</value>
</Data>
<Data name="installed_by">
<value>AZGFD</value>
</Data>
</ExtendedData>
</extensions>
</wpt>
<wpt lat="33.72000000" lon="-111.20000000">
<time>2024-03-01T15:46:45.031Z</time>
<extensions>
<label xmlns="http://www.topografix.com/GPX/gpx_overlay/0/5">
</label>
<ExtendedData xmlns="http://www.topografix.com/GPX/Private/TopoGrafix/0/5">
<Data name="depth_elev">
<value>20-60</value>
</Data>
<Data name="structure_type">
<value>Christmas Trees</value>
</Data>
<Data name="cove_name_location">
<value>Site 15</value>
</Data>
<Data name="lake">
<value>Roosevelt Lake</value>
</Data>
<Data name="date">
<value>2024-01-30</value>
</Data>
<Data name="id">
<value>1931</value>
</Data>
<Data name="structures">
<value>307</value>
</Data>
<Data name="installed_by">
<value>AZGFD</value>
</Data>
</ExtendedData>
</extensions>
</wpt>
<wpt lat="33.75000000" lon="-111.19000000">
<time>2024-03-01T15:46:45.031Z</time>
<extensions>
<label xmlns="http://www.topografix.com/GPX/gpx_overlay/0/5">
</label>
<ExtendedData xmlns="http://www.topografix.com/GPX/Private/TopoGrafix/0/5">
<Data name="depth_elev">
<value>60</value>
</Data>
<Data name="structure_type">
<value>Christmas Trees</value>
</Data>
<Data name="cove_name_location">
<value>Site 16</value>
</Data>
<Data name="lake">
<value>Roosevelt Lake</value>
</Data>
<Data name="date">
<value>2024-01-30</value>
</Data>
<Data name="id">
<value>1932</value>
</Data>
<Data name="structures">
<value>249</value>
</Data>
<Data name="installed_by">
<value>AZGFD</value>
</Data>
</ExtendedData>
</extensions>
</wpt>
<wpt lat="33.67000000" lon="-111.11000000">
<time>2024-03-01T15:46:45.031Z</time>
<extensions>
<label xmlns="http://www.topografix.com/GPX/gpx_overlay/0/5">
</label>
<ExtendedData xmlns="http://www.topografix.com/GPX/Private/TopoGrafix/0/5">
<Data name="depth_elev">
<value>2070-2075</value>
</Data>
<Data name="structure_type">
<value>Concrete Fish Balls</value>
</Data>
<Data name="cove_name_location">
<value>South Shoreline 1</value>
</Data>
<Data name="lake">
<value>Roosevelt Lake</value>
</Data>
<Data name="date">
<value>2017-08-07</value>
</Data>
<Data name="id">
<value>340</value>
</Data>
<Data name="structures">
<value>20</value>
</Data>
<Data name="installed_by">
<value>AGFD</value>
</Data>
</ExtendedData>
</extensions>
</wpt>
<wpt lat="33.70000000" lon="-111.11000000">
<time>2024-03-01T15:46:45.031Z</time>
<extensions>
<label xmlns="http://www.topografix.com/GPX/gpx_overlay/0/5">
</label>
<ExtendedData xmlns="http://www.topografix.com/GPX/Private/TopoGrafix/0/5">
<Data name="depth_elev">
<value>2070-2080</value>
</Data>
<Data name="structure_type">
<value>Concrete Fish Balls</value>
</Data>
<Data name="cove_name_location">
<value>Oeste Point</value>
</Data>
<Data name="lake">
<value>Roosevelt Lake</value>
</Data>
<Data name="date">
<value>2017-08-09</value>
</Data>
<Data name="id">
<value>342</value>
</Data>
<Data name="structures">
<value>9</value>
</Data>
<Data name="installed_by">
<value>AGFD</value>
</Data>
</ExtendedData>
</extensions>
</wpt>
<wpt lat="33.70000000" lon="-111.11000000">
<time>2024-03-01T15:46:45.031Z</time>
<extensions>
<label xmlns="http://www.topografix.com/GPX/gpx_overlay/0/5">
</label>
<ExtendedData xmlns="http://www.topografix.com/GPX/Private/TopoGrafix/0/5">
<Data name="depth_elev">
<value>2070-2075</value>
</Data>
<Data name="structure_type">
<value>Concrete Fish Balls</value>
</Data>
<Data name="cove_name_location">
<value>Oeste Point</value>
</Data>
<Data name="lake">
<value>Roosevelt Lake</value>
</Data>
<Data name="date">
<value>2018-08-28</value>
</Data>
<Data name="id">
<value>364</value>
</Data>
<Data name="structures">
<value>15</value>
</Data>
<Data name="installed_by">
<value>AGFD</value>
</Data>
</ExtendedData>
</extensions>
</wpt>
<wpt lat="33.67000000" lon="-111.11000000">
<time>2024-03-01T15:46:45.031Z</time>
<extensions>
<label xmlns="http://www.topografix.com/GPX/gpx_overlay/0/5">
</label>
<ExtendedData xmlns="http://www.topografix.com/GPX/Private/TopoGrafix/0/5">
<Data name="depth_elev">
<value>2070-2075</value>
</Data>
<Data name="structure_type">
<value>Concrete Fish Balls</value>
</Data>
<Data name="cove_name_location">
<value>South Shoreline 1</value>
</Data>
<Data name="lake">
<value>Roosevelt Lake</value>
</Data>
<Data name="date">
<value>2018-08-28</value>
</Data>
<Data name="id">
<value>365</value>
</Data>
<Data name="structures">
<value>12</value>
</Data>
<Data name="installed_by">
<value>AGFD</value>
</Data>
</ExtendedData>
</extensions>
</wpt>
<wpt lat="33.70000000" lon="-111.11000000">
<time>2024-03-01T15:46:45.031Z</time>
<extensions>
<label xmlns="http://www.topografix.com/GPX/gpx_overlay/0/5">
</label>
<ExtendedData xmlns="http://www.topografix.com/GPX/Private/TopoGrafix/0/5">
<Data name="depth_elev">
<value>2070-2075</value>
</Data>
<Data name="structure_type">
<value>Concrete Fish Balls</value>
</Data>
<Data name="cove_name_location">
<value>Oeste Point</value>
</Data>
<Data name="lake">
<value>Roosevelt Lake</value>
</Data>
<Data name="date">
<value>2018-08-29</value>
</Data>
<Data name="id">
<value>366</value>
</Data>
<Data name="structures">
<value>6</value>
</Data>
<Data name="installed_by">
<value>AGFD</value>
</Data>
</ExtendedData>
</extensions>
</wpt>
<wpt lat="33.70000000" lon="-111.13000000">
<time>2024-03-01T15:46:45.031Z</time>
<extensions>
<label xmlns="http://www.topografix.com/GPX/gpx_overlay/0/5">
</label>
<ExtendedData xmlns="http://www.topografix.com/GPX/Private/TopoGrafix/0/5">
<Data name="depth_elev">
<value>2070-2075</value>
</Data>
<Data name="structure_type">
<value>Concrete Fish Balls</value>
</Data>
<Data name="cove_name_location">
<value>White Bay</value>
</Data>
<Data name="lake">
<value>Roosevelt Lake</value>
</Data>
<Data name="date">
<value>2018-08-29</value>
</Data>
<Data name="id">
<value>367</value>
</Data>
<Data name="structures">
<value>18</value>
</Data>
<Data name="installed_by">
<value>AGFD</value>
</Data>
</ExtendedData>
</extensions>
</wpt>
<wpt lat="33.70000000" lon="-111.18000000">
<time>2024-03-01T15:46:45.031Z</time>
<extensions>
<label xmlns="http://www.topografix.com/GPX/gpx_overlay/0/5">
</label>
<ExtendedData xmlns="http://www.topografix.com/GPX/Private/TopoGrafix/0/5">
<Data name="depth_elev">
<value>2065-2075</value>
</Data>
<Data name="structure_type">
<value>Concrete Fish Balls</value>
</Data>
<Data name="cove_name_location">
<value>Mills Point</value>
</Data>
<Data name="lake">
<value>Roosevelt Lake</value>
</Data>
<Data name="date">
<value>2018-12-18</value>
</Data>
<Data name="id">
<value>377</value>
</Data>
<Data name="structures">
<value>30</value>
</Data>
<Data name="installed_by">
<value>AGFD</value>
</Data>
</ExtendedData>
</extensions>
</wpt>
<wpt lat="33.67000000" lon="-111.08000000">
<time>2024-03-01T15:46:45.031Z</time>
<extensions>
<label xmlns="http://www.topografix.com/GPX/gpx_overlay/0/5">
</label>
<ExtendedData xmlns="http://www.topografix.com/GPX/Private/TopoGrafix/0/5">
<Data name="depth_elev">
<value>2065-2070</value>
</Data>
<Data name="structure_type">
<value>Concrete Fish Balls</value>
</Data>
<Data name="cove_name_location">
<value>Beehive Pocket</value>
</Data>
<Data name="lake">
<value>Roosevelt Lake</value>
</Data>
<Data name="date">
<value>2018-12-19</value>
</Data>
<Data name="id">
<value>379</value>
</Data>
<Data name="structures">
<value>16</value>
</Data>
<Data name="installed_by">
<value>AGFD</value>
</Data>
</ExtendedData>
</extensions>
</wpt>
<wpt lat="33.68000000" lon="-111.08000000">
<time>2024-03-01T15:46:45.031Z</time>
<extensions>
<label xmlns="http://www.topografix.com/GPX/gpx_overlay/0/5">
</label>
<ExtendedData xmlns="http://www.topografix.com/GPX/Private/TopoGrafix/0/5">
<Data name="depth_elev">
<value>2065-2070</value>
</Data>
<Data name="structure_type">
<value>Concrete Fish Balls</value>
</Data>
<Data name="cove_name_location">
<value>Pottery Point</value>
</Data>
<Data name="lake">
<value>Roosevelt Lake</value>
</Data>
<Data name="date">
<value>2018-12-19</value>
</Data>
<Data name="id">
<value>381</value>
</Data>
<Data name="structures">
<value>20</value>
</Data>
<Data name="installed_by">
<value>AGFD</value>
</Data>
</ExtendedData>
</extensions>
</wpt>
<wpt lat="33.67000000" lon="-111.11000000">
<time>2024-03-01T15:46:45.031Z</time>
<extensions>
<label xmlns="http://www.topografix.com/GPX/gpx_overlay/0/5">
</label>
<ExtendedData xmlns="http://www.topografix.com/GPX/Private/TopoGrafix/0/5">
<Data name="depth_elev">
<value>2070-2075</value>
</Data>
<Data name="structure_type">
<value>Concrete Fish Balls</value>
</Data>
<Data name="cove_name_location">
<value>South Shoreline 1</value>
</Data>
<Data name="lake">
<value>Roosevelt Lake</value>
</Data>
<Data name="date">
<value>2017-08-07</value>
</Data>
<Data name="id">
<value>1508</value>
</Data>
<Data name="structures">
<value>20</value>
</Data>
<Data name="installed_by">
<value>AGFD</value>
</Data>
</ExtendedData>
</extensions>
</wpt>
<wpt lat="33.70000000" lon="-111.11000000">
<time>2024-03-01T15:46:45.031Z</time>
<extensions>
<label xmlns="http://www.topografix.com/GPX/gpx_overlay/0/5">
</label>
<ExtendedData xmlns="http://www.topografix.com/GPX/Private/TopoGrafix/0/5">
<Data name="depth_elev">
<value>2070-2080</value>
</Data>
<Data name="structure_type">
<value>Concrete Fish Balls</value>
</Data>
<Data name="cove_name_location">
<value>Oeste Point</value>
</Data>
<Data name="lake">
<value>Roosevelt Lake</value>
</Data>
<Data name="date">
<value>2017-08-09</value>
</Data>
<Data name="id">
<value>1510</value>
</Data>
<Data name="structures">
<value>9</value>
</Data>
<Data name="installed_by">
<value>AGFD</value>
</Data>
</ExtendedData>
</extensions>
</wpt>
<wpt lat="33.70000000" lon="-111.11000000">
<time>2024-03-01T15:46:45.031Z</time>
<extensions>
<label xmlns="http://www.topografix.com/GPX/gpx_overlay/0/5">
</label>
<ExtendedData xmlns="http://www.topografix.com/GPX/Private/TopoGrafix/0/5">
<Data name="depth_elev">
<value>2070-2075</value>
</Data>
<Data name="structure_type">
<value>Concrete Fish Balls</value>
</Data>
<Data name="cove_name_location">
<value>Oeste Point</value>
</Data>
<Data name="lake">
<value>Roosevelt Lake</value>
</Data>
<Data name="date">
<value>2018-08-28</value>
</Data>
<Data name="id">
<value>1532</value>
</Data>
<Data name="structures">
<value>15</value>
</Data>
<Data name="installed_by">
<value>AGFD</value>
</Data>
</ExtendedData>
</extensions>
</wpt>
<wpt lat="33.67000000" lon="-111.11000000">
<time>2024-03-01T15:46:45.031Z</time>
<extensions>
<label xmlns="http://www.topografix.com/GPX/gpx_overlay/0/5">
</label>
<ExtendedData xmlns="http://www.topografix.com/GPX/Private/TopoGrafix/0/5">
<Data name="depth_elev">
<value>2070-2075</value>
</Data>
<Data name="structure_type">
<value>Concrete Fish Balls</value>
</Data>
<Data name="cove_name_location">
<value>South Shoreline 1</value>
</Data>
<Data name="lake">
<value>Roosevelt Lake</value>
</Data>
<Data name="date">
<value>2018-08-28</value>
</Data>
<Data name="id">
<value>1533</value>
</Data>
<Data name="structures">
<value>12</value>
</Data>
<Data name="installed_by">
<value>AGFD</value>
</Data>
</ExtendedData>
</extensions>
</wpt>
<wpt lat="33.70000000" lon="-111.11000000">
<time>2024-03-01T15:46:45.031Z</time>
<extensions>
<label xmlns="http://www.topografix.com/GPX/gpx_overlay/0/5">
</label>
<ExtendedData xmlns="http://www.topografix.com/GPX/Private/TopoGrafix/0/5">
<Data name="depth_elev">
<value>2070-2075</value>
</Data>
<Data name="structure_type">
<value>Concrete Fish Balls</value>
</Data>
<Data name="cove_name_location">
<value>Oeste Point</value>
</Data>
<Data name="lake">
<value>Roosevelt Lake</value>
</Data>
<Data name="date">
<value>2018-08-29</value>
</Data>
<Data name="id">
<value>1534</value>
</Data>
<Data name="structures">
<value>6</value>
</Data>
<Data name="installed_by">
<value>AGFD</value>
</Data>
</ExtendedData>
</extensions>
</wpt>
<wpt lat="33.70000000" lon="-111.13000000">
<time>2024-03-01T15:46:45.031Z</time>
<extensions>
<label xmlns="http://www.topografix.com/GPX/gpx_overlay/0/5">
</label>
<ExtendedData xmlns="http://www.topografix.com/GPX/Private/TopoGrafix/0/5">
<Data name="depth_elev">
<value>2070-2075</value>
</Data>
<Data name="structure_type">
<value>Concrete Fish Balls</value>
</Data>
<Data name="cove_name_location">
<value>White Bay</value>
</Data>
<Data name="lake">
<value>Roosevelt Lake</value>
</Data>
<Data name="date">
<value>2018-08-29</value>
</Data>
<Data name="id">
<value>1535</value>
</Data>
<Data name="structures">
<value>18</value>
</Data>
<Data name="installed_by">
<value>AGFD</value>
</Data>
</ExtendedData>
</extensions>
</wpt>
<wpt lat="33.70000000" lon="-111.18000000">
<time>2024-03-01T15:46:45.031Z</time>
<extensions>
<label xmlns="http://www.topografix.com/GPX/gpx_overlay/0/5">
</label>
<ExtendedData xmlns="http://www.topografix.com/GPX/Private/TopoGrafix/0/5">
<Data name="depth_elev">
<value>2065-2075</value>
</Data>
<Data name="structure_type">
<value>Concrete Fish Balls</value>
</Data>
<Data name="cove_name_location">
<value>Mills Point</value>
</Data>
<Data name="lake">
<value>Roosevelt Lake</value>
</Data>
<Data name="date">
<value>2018-12-18</value>
</Data>
<Data name="id">
<value>1545</value>
</Data>
<Data name="structures">
<value>30</value>
</Data>
<Data name="installed_by">
<value>AGFD</value>
</Data>
</ExtendedData>
</extensions>
</wpt>
<wpt lat="33.67000000" lon="-111.08000000">
<time>2024-03-01T15:46:45.031Z</time>
<extensions>
<label xmlns="http://www.topografix.com/GPX/gpx_overlay/0/5">
</label>
<ExtendedData xmlns="http://www.topografix.com/GPX/Private/TopoGrafix/0/5">
<Data name="depth_elev">
<value>2065-2070</value>
</Data>
<Data name="structure_type">
<value>Concrete Fish Balls</value>
</Data>
<Data name="cove_name_location">
<value>Beehive Pocket</value>
</Data>
<Data name="lake">
<value>Roosevelt Lake</value>
</Data>
<Data name="date">
<value>2018-12-19</value>
</Data>
<Data name="id">
<value>1547</value>
</Data>
<Data name="structures">
<value>16</value>
</Data>
<Data name="installed_by">
<value>AGFD</value>
</Data>
</ExtendedData>
</extensions>
</wpt>
<wpt lat="33.68000000" lon="-111.08000000">
<time>2024-03-01T15:46:45.031Z</time>
<extensions>
<label xmlns="http://www.topografix.com/GPX/gpx_overlay/0/5">
</label>
<ExtendedData xmlns="http://www.topografix.com/GPX/Private/TopoGrafix/0/5">
<Data name="depth_elev">
<value>2065-2070</value>
</Data>
<Data name="structure_type">
<value>Concrete Fish Balls</value>
</Data>
<Data name="cove_name_location">
<value>Pottery Point</value>
</Data>
<Data name="lake">
<value>Roosevelt Lake</value>
</Data>
<Data name="date">
<value>2018-12-19</value>
</Data>
<Data name="id">
<value>1549</value>
</Data>
<Data name="structures">
<value>20</value>
</Data>
<Data name="installed_by">
<value>AGFD</value>
</Data>
</ExtendedData>
</extensions>
</wpt>
<wpt lat="33.68000000" lon="-111.06000000">
<time>2024-03-01T15:46:45.031Z</time>
<extensions>
<label xmlns="http://www.topografix.com/GPX/gpx_overlay/0/5">
</label>
<ExtendedData xmlns="http://www.topografix.com/GPX/Private/TopoGrafix/0/5">
<Data name="depth_elev">
<value>2065-2070</value>
</Data>
<Data name="structure_type">
<value>Fishiding HighRise 8/0</value>
</Data>
<Data name="cove_name_location">
<value>Armer Cove</value>
</Data>
<Data name="lake">
<value>Roosevelt Lake</value>
</Data>
<Data name="date">
<value>2017-04-20</value>
</Data>
<Data name="id">
<value>334</value>
</Data>
<Data name="structures">
<value>20</value>
</Data>
<Data name="installed_by">
<value>AGFD</value>
</Data>
</ExtendedData>
</extensions>
</wpt>
<wpt lat="33.67000000" lon="-111.10000000">
<time>2024-03-01T15:46:45.031Z</time>
<extensions>
<label xmlns="http://www.topografix.com/GPX/gpx_overlay/0/5">
</label>
<ExtendedData xmlns="http://www.topografix.com/GPX/Private/TopoGrafix/0/5">
<Data name="depth_elev">
<value>2073-2075</value>
</Data>
<Data name="structure_type">
<value>Fishiding HighRise 8/0</value>
</Data>
<Data name="cove_name_location">
<value>Three Sisters</value>
</Data>
<Data name="lake">
<value>Roosevelt Lake</value>
</Data>
<Data name="date">
<value>2017-04-20</value>
</Data>
<Data name="id">
<value>335</value>
</Data>
<Data name="structures">
<value>22</value>
</Data>
<Data name="installed_by">
<value>AGFD</value>
</Data>
</ExtendedData>
</extensions>
</wpt>
<wpt lat="33.70000000" lon="-111.18000000">
<time>2024-03-01T15:46:45.031Z</time>
<extensions>
<label xmlns="http://www.topografix.com/GPX/gpx_overlay/0/5">
</label>
<ExtendedData xmlns="http://www.topografix.com/GPX/Private/TopoGrafix/0/5">
<Data name="depth_elev">
<value>2070-2075</value>
</Data>
<Data name="structure_type">
<value>Fishiding HighRise 8/0</value>
</Data>
<Data name="cove_name_location">
<value>Vineyard Cove</value>
</Data>
<Data name="lake">
<value>Roosevelt Lake</value>
</Data>
<Data name="date">
<value>2017-04-20</value>
</Data>
<Data name="id">
<value>336</value>
</Data>
<Data name="structures">
<value>20</value>
</Data>
<Data name="installed_by">
<value>AGFD</value>
</Data>
</ExtendedData>
</extensions>
</wpt>
<wpt lat="33.68000000" lon="-111.06000000">
<time>2024-03-01T15:46:45.031Z</time>
<extensions>
<label xmlns="http://www.topografix.com/GPX/gpx_overlay/0/5">
</label>
<ExtendedData xmlns="http://www.topografix.com/GPX/Private/TopoGrafix/0/5">
<Data name="depth_elev">
<value>2065-2070</value>
</Data>
<Data name="structure_type">
<value>Fishiding HighRise 8/0</value>
</Data>
<Data name="cove_name_location">
<value>Armer Cove</value>
</Data>
<Data name="lake">
<value>Roosevelt Lake</value>
</Data>
<Data name="date">
<value>2017-10-02</value>
</Data>
<Data name="id">
<value>343</value>
</Data>
<Data name="structures">
<value>36</value>
</Data>
<Data name="installed_by">
<value>AGFD</value>
</Data>
</ExtendedData>
</extensions>
</wpt>
<wpt lat="33.67000000" lon="-111.10000000">
<time>2024-03-01T15:46:45.031Z</time>
<extensions>
<label xmlns="http://www.topografix.com/GPX/gpx_overlay/0/5">
</label>
<ExtendedData xmlns="http://www.topografix.com/GPX/Private/TopoGrafix/0/5">
<Data name="depth_elev">
<value>2070-2075</value>
</Data>
<Data name="structure_type">
<value>Fishiding HighRise 8/0</value>
</Data>
<Data name="cove_name_location">
<value>Three Sisters</value>
</Data>
<Data name="lake">
<value>Roosevelt Lake</value>
</Data>
<Data name="date">
<value>2017-10-03</value>
</Data>
<Data name="id">
<value>350</value>
</Data>
<Data name="structures">
<value>35</value>
</Data>
<Data name="installed_by">
<value>AGFD</value>
</Data>
</ExtendedData>
</extensions>
</wpt>
<wpt lat="33.70000000" lon="-111.18000000">
<time>2024-03-01T15:46:45.031Z</time>
<extensions>
<label xmlns="http://www.topografix.com/GPX/gpx_overlay/0/5">
</label>
<ExtendedData xmlns="http://www.topografix.com/GPX/Private/TopoGrafix/0/5">
<Data name="depth_elev">
<value>2070-2075</value>
</Data>
<Data name="structure_type">
<value>Fishiding HighRise 8/0</value>
</Data>
<Data name="cove_name_location">
<value>Vineyard Cove</value>
</Data>
<Data name="lake">
<value>Roosevelt Lake</value>
</Data>
<Data name="date">
<value>2017-10-03</value>
</Data>
<Data name="id">
<value>351</value>
</Data>
<Data name="structures">
<value>36</value>
</Data>
<Data name="installed_by">
<value>AGFD</value>
</Data>
</ExtendedData>
</extensions>
</wpt>
<wpt lat="33.69000000" lon="-111.17000000">
<time>2024-03-01T15:46:45.031Z</time>
<extensions>
<label xmlns="http://www.topografix.com/GPX/gpx_overlay/0/5">
</label>
<ExtendedData xmlns="http://www.topografix.com/GPX/Private/TopoGrafix/0/5">
<Data name="depth_elev">
<value>2060-2070</value>
</Data>
<Data name="structure_type">
<value>Fishiding HighRise 8/0</value>
</Data>
<Data name="cove_name_location">
<value>Chuckwalla Cove</value>
</Data>
<Data name="lake">
<value>Roosevelt Lake</value>
</Data>
<Data name="date">
<value>2017-10-04</value>
</Data>
<Data name="id">
<value>354</value>
</Data>
<Data name="structures">
<value>56</value>
</Data>
<Data name="installed_by">
<value>AGFD</value>
</Data>
</ExtendedData>
</extensions>
</wpt>
<wpt lat="33.74000000" lon="-111.19000000">
<time>2024-03-01T15:46:45.031Z</time>
<extensions>
<label xmlns="http://www.topografix.com/GPX/gpx_overlay/0/5">
</label>
<ExtendedData xmlns="http://www.topografix.com/GPX/Private/TopoGrafix/0/5">
<Data name="depth_elev">
<value>2065-2075</value>
</Data>
<Data name="structure_type">
<value>Fishiding HighRise 8/0</value>
</Data>
<Data name="cove_name_location">
<value>Goose Flats</value>
</Data>
<Data name="lake">
<value>Roosevelt Lake</value>
</Data>
<Data name="date">
<value>2017-11-01</value>
</Data>
<Data name="id">
<value>356</value>
</Data>
<Data name="structures">
<value>55</value>
</Data>
<Data name="installed_by">
<value>AGFD</value>
</Data>
</ExtendedData>
</extensions>
</wpt>
<wpt lat="33.68000000" lon="-111.06000000">
<time>2024-03-01T15:46:45.031Z</time>
<extensions>
<label xmlns="http://www.topografix.com/GPX/gpx_overlay/0/5">
</label>
<ExtendedData xmlns="http://www.topografix.com/GPX/Private/TopoGrafix/0/5">
<Data name="depth_elev">
<value>2065-2070</value>
</Data>
<Data name="structure_type">
<value>Fishiding HighRise 8/0</value>
</Data>
<Data name="cove_name_location">
<value>Armer Cove</value>
</Data>
<Data name="lake">
<value>Roosevelt Lake</value>
</Data>
<Data name="date">
<value>2017-04-20</value>
</Data>
<Data name="id">
<value>1502</value>
</Data>
<Data name="structures">
<value>20</value>
</Data>
<Data name="installed_by">
<value>AGFD</value>
</Data>
</ExtendedData>
</extensions>
</wpt>
<wpt lat="33.67000000" lon="-111.10000000">
<time>2024-03-01T15:46:45.031Z</time>
<extensions>
<label xmlns="http://www.topografix.com/GPX/gpx_overlay/0/5">
</label>
<ExtendedData xmlns="http://www.topografix.com/GPX/Private/TopoGrafix/0/5">
<Data name="depth_elev">
<value>2073-2075</value>
</Data>
<Data name="structure_type">
<value>Fishiding HighRise 8/0</value>
</Data>
<Data name="cove_name_location">
<value>Three Sisters</value>
</Data>
<Data name="lake">
<value>Roosevelt Lake</value>
</Data>
<Data name="date">
<value>2017-04-20</value>
</Data>
<Data name="id">
<value>1503</value>
</Data>
<Data name="structures">
<value>22</value>
</Data>
<Data name="installed_by">
<value>AGFD</value>
</Data>
</ExtendedData>
</extensions>
</wpt>
<wpt lat="33.70000000" lon="-111.18000000">
<time>2024-03-01T15:46:45.031Z</time>
<extensions>
<label xmlns="http://www.topografix.com/GPX/gpx_overlay/0/5">
</label>
<ExtendedData xmlns="http://www.topografix.com/GPX/Private/TopoGrafix/0/5">
<Data name="depth_elev">
<value>2070-2075</value>
</Data>
<Data name="structure_type">
<value>Fishiding HighRise 8/0</value>
</Data>
<Data name="cove_name_location">
<value>Vineyard Cove</value>
</Data>
<Data name="lake">
<value>Roosevelt Lake</value>
</Data>
<Data name="date">
<value>2017-04-20</value>
</Data>
<Data name="id">
<value>1504</value>
</Data>
<Data name="structures">
<value>20</value>
</Data>
<Data name="installed_by">
<value>AGFD</value>
</Data>
</ExtendedData>
</extensions>
</wpt>
<wpt lat="33.68000000" lon="-111.06000000">
<time>2024-03-01T15:46:45.031Z</time>
<extensions>
<label xmlns="http://www.topografix.com/GPX/gpx_overlay/0/5">
</label>
<ExtendedData xmlns="http://www.topografix.com/GPX/Private/TopoGrafix/0/5">
<Data name="depth_elev">
<value>2065-2070</value>
</Data>
<Data name="structure_type">
<value>Fishiding HighRise 8/0</value>
</Data>
<Data name="cove_name_location">
<value>Armer Cove</value>
</Data>
<Data name="lake">
<value>Roosevelt Lake</value>
</Data>
<Data name="date">
<value>2017-10-02</value>
</Data>
<Data name="id">
<value>1511</value>
</Data>
<Data name="structures">
<value>36</value>
</Data>
<Data name="installed_by">
<value>AGFD</value>
</Data>
</ExtendedData>
</extensions>
</wpt>
<wpt lat="33.67000000" lon="-111.10000000">
<time>2024-03-01T15:46:45.031Z</time>
<extensions>
<label xmlns="http://www.topografix.com/GPX/gpx_overlay/0/5">
</label>
<ExtendedData xmlns="http://www.topografix.com/GPX/Private/TopoGrafix/0/5">
<Data name="depth_elev">
<value>2070-2075</value>
</Data>
<Data name="structure_type">
<value>Fishiding HighRise 8/0</value>
</Data>
<Data name="cove_name_location">
<value>Three Sisters</value>
</Data>
<Data name="lake">
<value>Roosevelt Lake</value>
</Data>
<Data name="date">
<value>2017-10-03</value>
</Data>
<Data name="id">
<value>1518</value>
</Data>
<Data name="structures">
<value>35</value>
</Data>
<Data name="installed_by">
<value>AGFD</value>
</Data>
</ExtendedData>
</extensions>
</wpt>
<wpt lat="33.70000000" lon="-111.18000000">
<time>2024-03-01T15:46:45.031Z</time>
<extensions>
<label xmlns="http://www.topografix.com/GPX/gpx_overlay/0/5">
</label>
<ExtendedData xmlns="http://www.topografix.com/GPX/Private/TopoGrafix/0/5">
<Data name="depth_elev">
<value>2070-2075</value>
</Data>
<Data name="structure_type">
<value>Fishiding HighRise 8/0</value>
</Data>
<Data name="cove_name_location">
<value>Vineyard Cove</value>
</Data>
<Data name="lake">
<value>Roosevelt Lake</value>
</Data>
<Data name="date">
<value>2017-10-03</value>
</Data>
<Data name="id">
<value>1519</value>
</Data>
<Data name="structures">
<value>36</value>
</Data>
<Data name="installed_by">
<value>AGFD</value>
</Data>
</ExtendedData>
</extensions>
</wpt>
<wpt lat="33.69000000" lon="-111.17000000">
<time>2024-03-01T15:46:45.031Z</time>
<extensions>
<label xmlns="http://www.topografix.com/GPX/gpx_overlay/0/5">
</label>
<ExtendedData xmlns="http://www.topografix.com/GPX/Private/TopoGrafix/0/5">
<Data name="depth_elev">
<value>2060-2070</value>
</Data>
<Data name="structure_type">
<value>Fishiding HighRise 8/0</value>
</Data>
<Data name="cove_name_location">
<value>Chuckwalla Cove</value>
</Data>
<Data name="lake">
<value>Roosevelt Lake</value>
</Data>
<Data name="date">
<value>2017-10-04</value>
</Data>
<Data name="id">
<value>1522</value>
</Data>
<Data name="structures">
<value>56</value>
</Data>
<Data name="installed_by">
<value>AGFD</value>
</Data>
</ExtendedData>
</extensions>
</wpt>
<wpt lat="33.74000000" lon="-111.19000000">
<time>2024-03-01T15:46:45.031Z</time>
<extensions>
<label xmlns="http://www.topografix.com/GPX/gpx_overlay/0/5">
</label>
<ExtendedData xmlns="http://www.topografix.com/GPX/Private/TopoGrafix/0/5">
<Data name="depth_elev">
<value>2065-2075</value>
</Data>
<Data name="structure_type">
<value>Fishiding HighRise 8/0</value>
</Data>
<Data name="cove_name_location">
<value>Goose Flats</value>
</Data>
<Data name="lake">
<value>Roosevelt Lake</value>
</Data>
<Data name="date">
<value>2017-11-01</value>
</Data>
<Data name="id">
<value>1524</value>
</Data>
<Data name="structures">
<value>55</value>
</Data>
<Data name="installed_by">
<value>AGFD</value>
</Data>
</ExtendedData>
</extensions>
</wpt>
<wpt lat="33.70000000" lon="-111.14000000">
<time>2024-03-01T15:46:45.031Z</time>
<extensions>
<label xmlns="http://www.topografix.com/GPX/gpx_overlay/0/5">
</label>
<ExtendedData xmlns="http://www.topografix.com/GPX/Private/TopoGrafix/0/5">
<Data name="depth_elev">
<value>2075-2085</value>
</Data>
<Data name="structure_type">
<value>Georgia Cubes</value>
</Data>
<Data name="cove_name_location">
<value>Devils Hole</value>
</Data>
<Data name="lake">
<value>Roosevelt Lake</value>
</Data>
<Data name="date">
<value>2017-06-06</value>
</Data>
<Data name="id">
<value>337</value>
</Data>
<Data name="structures">
<value>20</value>
</Data>
<Data name="installed_by">
<value>AGFD</value>
</Data>
</ExtendedData>
</extensions>
</wpt>
<wpt lat="33.69000000" lon="-111.14000000">
<time>2024-03-01T15:46:45.031Z</time>
<extensions>
<label xmlns="http://www.topografix.com/GPX/gpx_overlay/0/5">
</label>
<ExtendedData xmlns="http://www.topografix.com/GPX/Private/TopoGrafix/0/5">
<Data name="depth_elev">
<value>2065-2075</value>
</Data>
<Data name="structure_type">
<value>Georgia Cubes</value>
</Data>
<Data name="cove_name_location">
<value>Fools Pass (East)</value>
</Data>
<Data name="lake">
<value>Roosevelt Lake</value>
</Data>
<Data name="date">
<value>2017-06-06</value>
</Data>
<Data name="id">
<value>338</value>
</Data>
<Data name="structures">
<value>17</value>
</Data>
<Data name="installed_by">
<value>AGFD</value>
</Data>
</ExtendedData>
</extensions>
</wpt>
<wpt lat="33.67000000" lon="-111.12000000">
<time>2024-03-01T15:46:45.031Z</time>
<extensions>
<label xmlns="http://www.topografix.com/GPX/gpx_overlay/0/5">
</label>
<ExtendedData xmlns="http://www.topografix.com/GPX/Private/TopoGrafix/0/5">
<Data name="depth_elev">
<value>2063-2070</value>
</Data>
<Data name="structure_type">
<value>Georgia Cubes</value>
</Data>
<Data name="cove_name_location">
<value>South Shoreline 2</value>
</Data>
<Data name="lake">
<value>Roosevelt Lake</value>
</Data>
<Data name="date">
<value>2017-06-06</value>
</Data>
<Data name="id">
<value>339</value>
</Data>
<Data name="structures">
<value>21</value>
</Data>
<Data name="installed_by">
<value>AGFD</value>
</Data>
</ExtendedData>
</extensions>
</wpt>
<wpt lat="33.69000000" lon="-111.14000000">
<time>2024-03-01T15:46:45.031Z</time>
<extensions>
<label xmlns="http://www.topografix.com/GPX/gpx_overlay/0/5">
</label>
<ExtendedData xmlns="http://www.topografix.com/GPX/Private/TopoGrafix/0/5">
<Data name="depth_elev">
<value>2065-2075</value>
</Data>
<Data name="structure_type">
<value>Georgia Cubes</value>
</Data>
<Data name="cove_name_location">
<value>Fools Pass (East)</value>
</Data>
<Data name="lake">
<value>Roosevelt Lake</value>
</Data>
<Data name="date">
<value>2017-10-03</value>
</Data>
<Data name="id">
<value>347</value>
</Data>
<Data name="structures">
<value>3</value>
</Data>
<Data name="installed_by">
<value>AGFD</value>
</Data>
</ExtendedData>
</extensions>
</wpt>
<wpt lat="33.69000000" lon="-111.09000000">
<time>2024-03-01T15:46:45.031Z</time>
<extensions>
<label xmlns="http://www.topografix.com/GPX/gpx_overlay/0/5">
</label>
<ExtendedData xmlns="http://www.topografix.com/GPX/Private/TopoGrafix/0/5">
<Data name="depth_elev">
<value>2070-2080</value>
</Data>
<Data name="structure_type">
<value>Georgia Cubes</value>
</Data>
<Data name="cove_name_location">
<value>Salome West</value>
</Data>
<Data name="lake">
<value>Roosevelt Lake</value>
</Data>
<Data name="date">
<value>2017-10-03</value>
</Data>
<Data name="id">
<value>349</value>
</Data>
<Data name="structures">
<value>20</value>
</Data>
<Data name="installed_by">
<value>AGFD</value>
</Data>
</ExtendedData>
</extensions>
</wpt>
<wpt lat="33.72000000" lon="-111.20000000">
<time>2024-03-01T15:46:45.031Z</time>
<extensions>
<label xmlns="http://www.topografix.com/GPX/gpx_overlay/0/5">
</label>
<ExtendedData xmlns="http://www.topografix.com/GPX/Private/TopoGrafix/0/5">
<Data name="depth_elev">
<value>2075-2080</value>
</Data>
<Data name="structure_type">
<value>Georgia Cubes</value>
</Data>
<Data name="cove_name_location">
<value>Cholla Bay</value>
</Data>
<Data name="lake">
<value>Roosevelt Lake</value>
</Data>
<Data name="date">
<value>2017-10-04</value>
</Data>
<Data name="id">
<value>353</value>
</Data>
<Data name="structures">
<value>20</value>
</Data>
<Data name="installed_by">
<value>AGFD</value>
</Data>
</ExtendedData>
</extensions>
</wpt>
<wpt lat="33.69000000" lon="-111.09000000">
<time>2024-03-01T15:46:45.031Z</time>
<extensions>
<label xmlns="http://www.topografix.com/GPX/gpx_overlay/0/5">
</label>
<ExtendedData xmlns="http://www.topografix.com/GPX/Private/TopoGrafix/0/5">
<Data name="depth_elev">
<value>2070-2080</value>
</Data>
<Data name="structure_type">
<value>Georgia Cubes</value>
</Data>
<Data name="cove_name_location">
<value>Salome West</value>
</Data>
<Data name="lake">
<value>Roosevelt Lake</value>
</Data>
<Data name="date">
<value>2018-04-14</value>
</Data>
<Data name="id">
<value>357</value>
</Data>
<Data name="structures">
<value>14</value>
</Data>
<Data name="installed_by">
<value>AGFD</value>
</Data>
</ExtendedData>
</extensions>
</wpt>
<wpt lat="33.67000000" lon="-111.12000000">
<time>2024-03-01T15:46:45.031Z</time>
<extensions>
<label xmlns="http://www.topografix.com/GPX/gpx_overlay/0/5">
</label>
<ExtendedData xmlns="http://www.topografix.com/GPX/Private/TopoGrafix/0/5">
<Data name="depth_elev">
<value>2060-2070</value>
</Data>
<Data name="structure_type">
<value>Georgia Cubes</value>
</Data>
<Data name="cove_name_location">
<value>South Shoreline 2</value>
</Data>
<Data name="lake">
<value>Roosevelt Lake</value>
</Data>
<Data name="date">
<value>2018-04-14</value>
</Data>
<Data name="id">
<value>358</value>
</Data>
<Data name="structures">
<value>20</value>
</Data>
<Data name="installed_by">
<value>AGFD</value>
</Data>
</ExtendedData>
</extensions>
</wpt>
<wpt lat="33.68000000" lon="-111.06000000">
<time>2024-03-01T15:46:45.031Z</time>
<extensions>
<label xmlns="http://www.topografix.com/GPX/gpx_overlay/0/5">
</label>
<ExtendedData xmlns="http://www.topografix.com/GPX/Private/TopoGrafix/0/5">
<Data name="depth_elev">
<value>2074-2079</value>
</Data>
<Data name="structure_type">
<value>Georgia Cubes</value>
</Data>
<Data name="cove_name_location">
<value>Lands End</value>
</Data>
<Data name="lake">
<value>Roosevelt Lake</value>
</Data>
<Data name="date">
<value>2018-06-13</value>
</Data>
<Data name="id">
<value>359</value>
</Data>
<Data name="structures">
<value>35</value>
</Data>
<Data name="installed_by">
<value>AGFD</value>
</Data>
</ExtendedData>
</extensions>
</wpt>
<wpt lat="33.69000000" lon="-111.15000000">
<time>2024-03-01T15:46:45.031Z</time>
<extensions>
<label xmlns="http://www.topografix.com/GPX/gpx_overlay/0/5">
</label>
<ExtendedData xmlns="http://www.topografix.com/GPX/Private/TopoGrafix/0/5">
<Data name="depth_elev">
<value>2069-2079</value>
</Data>
<Data name="structure_type">
<value>Georgia Cubes</value>
</Data>
<Data name="cove_name_location">
<value>Rock Island</value>
</Data>
<Data name="lake">
<value>Roosevelt Lake</value>
</Data>
<Data name="date">
<value>2018-06-13</value>
</Data>
<Data name="id">
<value>360</value>
</Data>
<Data name="structures">
<value>35</value>
</Data>
<Data name="installed_by">
<value>AGFD</value>
</Data>
</ExtendedData>
</extensions>
</wpt>
<wpt lat="33.68000000" lon="-111.09000000">
<time>2024-03-01T15:46:45.031Z</time>
<extensions>
<label xmlns="http://www.topografix.com/GPX/gpx_overlay/0/5">
</label>
<ExtendedData xmlns="http://www.topografix.com/GPX/Private/TopoGrafix/0/5">
<Data name="depth_elev">
<value>2074-2079</value>
</Data>
<Data name="structure_type">
<value>Georgia Cubes</value>
</Data>
<Data name="cove_name_location">
<value>Windy Hill</value>
</Data>
<Data name="lake">
<value>Roosevelt Lake</value>
</Data>
<Data name="date">
<value>2018-06-13</value>
</Data>
<Data name="id">
<value>361</value>
</Data>
<Data name="structures">
<value>34</value>
</Data>
<Data name="installed_by">
<value>AGFD</value>
</Data>
</ExtendedData>
</extensions>
</wpt>
<wpt lat="33.69000000" lon="-111.14000000">
<time>2024-03-01T15:46:45.031Z</time>
<extensions>
<label xmlns="http://www.topografix.com/GPX/gpx_overlay/0/5">
</label>
<ExtendedData xmlns="http://www.topografix.com/GPX/Private/TopoGrafix/0/5">
<Data name="depth_elev">
<value>2070-2075</value>
</Data>
<Data name="structure_type">
<value>Georgia Cubes</value>
</Data>
<Data name="cove_name_location">
<value>Fools Pass (East)</value>
</Data>
<Data name="lake">
<value>Roosevelt Lake</value>
</Data>
<Data name="date">
<value>2018-10-17</value>
</Data>
<Data name="id">
<value>368</value>
</Data>
<Data name="structures">
<value>24</value>
</Data>
<Data name="installed_by">
<value>AGFD</value>
</Data>
</ExtendedData>
</extensions>
</wpt>
<wpt lat="33.71000000" lon="-111.15000000">
<time>2024-03-01T15:46:45.031Z</time>
<extensions>
<label xmlns="http://www.topografix.com/GPX/gpx_overlay/0/5">
</label>
<ExtendedData xmlns="http://www.topografix.com/GPX/Private/TopoGrafix/0/5">
<Data name="depth_elev">
<value>2070-2075</value>
</Data>
<Data name="structure_type">
<value>Georgia Cubes</value>
</Data>
<Data name="cove_name_location">
<value>Georgia Cube Site 4</value>
</Data>
<Data name="lake">
<value>Roosevelt Lake</value>
</Data>
<Data name="date">
<value>2018-10-17</value>
</Data>
<Data name="id">
<value>369</value>
</Data>
<Data name="structures">
<value>28</value>
</Data>
<Data name="installed_by">
<value>AGFD</value>
</Data>
</ExtendedData>
</extensions>
</wpt>
<wpt lat="33.68000000" lon="-111.06000000">
<time>2024-03-01T15:46:45.031Z</time>
<extensions>
<label xmlns="http://www.topografix.com/GPX/gpx_overlay/0/5">
</label>
<ExtendedData xmlns="http://www.topografix.com/GPX/Private/TopoGrafix/0/5">
<Data name="depth_elev">
<value>2070-2075</value>
</Data>
<Data name="structure_type">
<value>Georgia Cubes</value>
</Data>
<Data name="cove_name_location">
<value>Lands End</value>
</Data>
<Data name="lake">
<value>Roosevelt Lake</value>
</Data>
<Data name="date">
<value>2018-10-17</value>
</Data>
<Data name="id">
<value>370</value>
</Data>
<Data name="structures">
<value>8</value>
</Data>
<Data name="installed_by">
<value>AGFD</value>
</Data>
</ExtendedData>
</extensions>
</wpt>
<wpt lat="33.69000000" lon="-111.09000000">
<time>2024-03-01T15:46:45.031Z</time>
<extensions>
<label xmlns="http://www.topografix.com/GPX/gpx_overlay/0/5">
</label>
<ExtendedData xmlns="http://www.topografix.com/GPX/Private/TopoGrafix/0/5">
<Data name="depth_elev">
<value>2070-2075</value>
</Data>
<Data name="structure_type">
<value>Georgia Cubes</value>
</Data>
<Data name="cove_name_location">
<value>Salome West</value>
</Data>
<Data name="lake">
<value>Roosevelt Lake</value>
</Data>
<Data name="date">
<value>2018-10-17</value>
</Data>
<Data name="id">
<value>371</value>
</Data>
<Data name="structures">
<value>8</value>
</Data>
<Data name="installed_by">
<value>AGFD</value>
</Data>
</ExtendedData>
</extensions>
</wpt>
<wpt lat="33.68000000" lon="-111.09000000">
<time>2024-03-01T15:46:45.031Z</time>
<extensions>
<label xmlns="http://www.topografix.com/GPX/gpx_overlay/0/5">
</label>
<ExtendedData xmlns="http://www.topografix.com/GPX/Private/TopoGrafix/0/5">
<Data name="depth_elev">
<value>2070-2075</value>
</Data>
<Data name="structure_type">
<value>Georgia Cubes</value>
</Data>
<Data name="cove_name_location">
<value>Windy Hill</value>
</Data>
<Data name="lake">
<value>Roosevelt Lake</value>
</Data>
<Data name="date">
<value>2018-10-17</value>
</Data>
<Data name="id">
<value>372</value>
</Data>
<Data name="structures">
<value>8</value>
</Data>
<Data name="installed_by">
<value>AGFD</value>
</Data>
</ExtendedData>
</extensions>
</wpt>
<wpt lat="33.70000000" lon="-111.14000000">
<time>2024-03-01T15:46:45.031Z</time>
<extensions>
<label xmlns="http://www.topografix.com/GPX/gpx_overlay/0/5">
</label>
<ExtendedData xmlns="http://www.topografix.com/GPX/Private/TopoGrafix/0/5">
<Data name="depth_elev">
<value>2070-2075</value>
</Data>
<Data name="structure_type">
<value>Georgia Cubes</value>
</Data>
<Data name="cove_name_location">
<value>Devils Hole</value>
</Data>
<Data name="lake">
<value>Roosevelt Lake</value>
</Data>
<Data name="date">
<value>2018-10-18</value>
</Data>
<Data name="id">
<value>373</value>
</Data>
<Data name="structures">
<value>10</value>
</Data>
<Data name="installed_by">
<value>AGFD</value>
</Data>
</ExtendedData>
</extensions>
</wpt>
<wpt lat="33.73000000" lon="-111.20000000">
<time>2024-03-01T15:46:45.031Z</time>
<extensions>
<label xmlns="http://www.topografix.com/GPX/gpx_overlay/0/5">
</label>
<ExtendedData xmlns="http://www.topografix.com/GPX/Private/TopoGrafix/0/5">
<Data name="depth_elev">
<value>2070-2075</value>
</Data>
<Data name="structure_type">
<value>Georgia Cubes</value>
</Data>
<Data name="cove_name_location">
<value>Georgia Cube Site 1</value>
</Data>
<Data name="lake">
<value>Roosevelt Lake</value>
</Data>
<Data name="date">
<value>2018-10-18</value>
</Data>
<Data name="id">
<value>374</value>
</Data>
<Data name="structures">
<value>20</value>
</Data>
<Data name="installed_by">
<value>AGFD</value>
</Data>
</ExtendedData>
</extensions>
</wpt>
<wpt lat="33.72000000" lon="-111.17000000">
<time>2024-03-01T15:46:45.031Z</time>
<extensions>
<label xmlns="http://www.topografix.com/GPX/gpx_overlay/0/5">
</label>
<ExtendedData xmlns="http://www.topografix.com/GPX/Private/TopoGrafix/0/5">
<Data name="depth_elev">
<value>2070-2075</value>
</Data>
<Data name="structure_type">
<value>Georgia Cubes</value>
</Data>
<Data name="cove_name_location">
<value>Georgia Cube Site 2</value>
</Data>
<Data name="lake">
<value>Roosevelt Lake</value>
</Data>
<Data name="date">
<value>2018-10-18</value>
</Data>
<Data name="id">
<value>375</value>
</Data>
<Data name="structures">
<value>21</value>
</Data>
<Data name="installed_by">
<value>AGFD</value>
</Data>
</ExtendedData>
</extensions>
</wpt>
<wpt lat="33.71000000" lon="-111.16000000">
<time>2024-03-01T15:46:45.031Z</time>
<extensions>
<label xmlns="http://www.topografix.com/GPX/gpx_overlay/0/5">
</label>
<ExtendedData xmlns="http://www.topografix.com/GPX/Private/TopoGrafix/0/5">
<Data name="depth_elev">
<value>2070-2075</value>
</Data>
<Data name="structure_type">
<value>Georgia Cubes</value>
</Data>
<Data name="cove_name_location">
<value>Georgia Cube site 3</value>
</Data>
<Data name="lake">
<value>Roosevelt Lake</value>
</Data>
<Data name="date">
<value>2018-10-18</value>
</Data>
<Data name="id">
<value>376</value>
</Data>
<Data name="structures">
<value>20</value>
</Data>
<Data name="installed_by">
<value>AGFD</value>
</Data>
</ExtendedData>
</extensions>
</wpt>
<wpt lat="33.68000000" lon="-111.09000000">
<time>2024-03-01T15:46:45.031Z</time>
<extensions>
<label xmlns="http://www.topografix.com/GPX/gpx_overlay/0/5">
</label>
<ExtendedData xmlns="http://www.topografix.com/GPX/Private/TopoGrafix/0/5">
<Data name="depth_elev">
<value>2065-2070</value>
</Data>
<Data name="structure_type">
<value>Georgia Cubes</value>
</Data>
<Data name="cove_name_location">
<value>Windy Hill</value>
</Data>
<Data name="lake">
<value>Roosevelt Lake</value>
</Data>
<Data name="date">
<value>2018-12-18</value>
</Data>
<Data name="id">
<value>378</value>
</Data>
<Data name="structures">
<value>9</value>
</Data>
<Data name="installed_by">
<value>AGFD</value>
</Data>
</ExtendedData>
</extensions>
</wpt>
<wpt lat="33.68000000" lon="-111.06000000">
<time>2024-03-01T15:46:45.031Z</time>
<extensions>
<label xmlns="http://www.topografix.com/GPX/gpx_overlay/0/5">
</label>
<ExtendedData xmlns="http://www.topografix.com/GPX/Private/TopoGrafix/0/5">
<Data name="depth_elev">
<value>2065-2070</value>
</Data>
<Data name="structure_type">
<value>Georgia Cubes</value>
</Data>
<Data name="cove_name_location">
<value>Lands End</value>
</Data>
<Data name="lake">
<value>Roosevelt Lake</value>
</Data>
<Data name="date">
<value>2018-12-19</value>
</Data>
<Data name="id">
<value>380</value>
</Data>
<Data name="structures">
<value>9</value>
</Data>
<Data name="installed_by">
<value>AGFD</value>
</Data>
</ExtendedData>
</extensions>
</wpt>
<wpt lat="33.69000000" lon="-111.09000000">
<time>2024-03-01T15:46:45.031Z</time>
<extensions>
<label xmlns="http://www.topografix.com/GPX/gpx_overlay/0/5">
</label>
<ExtendedData xmlns="http://www.topografix.com/GPX/Private/TopoGrafix/0/5">
<Data name="depth_elev">
<value>2065-2070</value>
</Data>
<Data name="structure_type">
<value>Georgia Cubes</value>
</Data>
<Data name="cove_name_location">
<value>Salome West</value>
</Data>
<Data name="lake">
<value>Roosevelt Lake</value>
</Data>
<Data name="date">
<value>2018-12-19</value>
</Data>
<Data name="id">
<value>382</value>
</Data>
<Data name="structures">
<value>9</value>
</Data>
<Data name="installed_by">
<value>AGFD</value>
</Data>
</ExtendedData>
</extensions>
</wpt>
<wpt lat="33.67000000" lon="-111.12000000">
<time>2024-03-01T15:46:45.031Z</time>
<extensions>
<label xmlns="http://www.topografix.com/GPX/gpx_overlay/0/5">
</label>
<ExtendedData xmlns="http://www.topografix.com/GPX/Private/TopoGrafix/0/5">
<Data name="depth_elev">
<value>2065-2070</value>
</Data>
<Data name="structure_type">
<value>Georgia Cubes</value>
</Data>
<Data name="cove_name_location">
<value>South Shoreline 2</value>
</Data>
<Data name="lake">
<value>Roosevelt Lake</value>
</Data>
<Data name="date">
<value>2018-12-19</value>
</Data>
<Data name="id">
<value>383</value>
</Data>
<Data name="structures">
<value>9</value>
</Data>
<Data name="installed_by">
<value>AGFD</value>
</Data>
</ExtendedData>
</extensions>
</wpt>
<wpt lat="33.69000000" lon="-111.14000000">
<time>2024-03-01T15:46:45.031Z</time>
<extensions>
<label xmlns="http://www.topografix.com/GPX/gpx_overlay/0/5">
</label>
<ExtendedData xmlns="http://www.topografix.com/GPX/Private/TopoGrafix/0/5">
<Data name="depth_elev">
<value>2065-2070</value>
</Data>
<Data name="structure_type">
<value>Georgia Cubes</value>
</Data>
<Data name="cove_name_location">
<value>Bass point</value>
</Data>
<Data name="lake">
<value>Roosevelt Lake</value>
</Data>
<Data name="date">
<value>2019-05-14</value>
</Data>
<Data name="id">
<value>386</value>
</Data>
<Data name="structures">
<value>40</value>
</Data>
<Data name="installed_by">
<value>AGFD</value>
</Data>
</ExtendedData>
</extensions>
</wpt>
<wpt lat="33.67000000" lon="-111.12000000">
<time>2024-03-01T15:46:45.031Z</time>
<extensions>
<label xmlns="http://www.topografix.com/GPX/gpx_overlay/0/5">
</label>
<ExtendedData xmlns="http://www.topografix.com/GPX/Private/TopoGrafix/0/5">
<Data name="depth_elev">
<value>2065-2070</value>
</Data>
<Data name="structure_type">
<value>Georgia Cubes</value>
</Data>
<Data name="cove_name_location">
<value>Fraizer</value>
</Data>
<Data name="lake">
<value>Roosevelt Lake</value>
</Data>
<Data name="date">
<value>2019-05-14</value>
</Data>
<Data name="id">
<value>387</value>
</Data>
<Data name="structures">
<value>44</value>
</Data>
<Data name="installed_by">
<value>AGFD</value>
</Data>
</ExtendedData>
</extensions>
</wpt>
<wpt lat="33.71000000" lon="-111.15000000">
<time>2024-03-01T15:46:45.031Z</time>
<extensions>
<label xmlns="http://www.topografix.com/GPX/gpx_overlay/0/5">
</label>
<ExtendedData xmlns="http://www.topografix.com/GPX/Private/TopoGrafix/0/5">
<Data name="depth_elev">
<value>2065-2070</value>
</Data>
<Data name="structure_type">
<value>Georgia Cubes</value>
</Data>
<Data name="cove_name_location">
<value>Georgia cube site 4</value>
</Data>
<Data name="lake">
<value>Roosevelt Lake</value>
</Data>
<Data name="date">
<value>2019-05-14</value>
</Data>
<Data name="id">
<value>388</value>
</Data>
<Data name="structures">
<value>12</value>
</Data>
<Data name="installed_by">
<value>AGFD</value>
</Data>
</ExtendedData>
</extensions>
</wpt>
<wpt lat="33.69000000" lon="-111.10000000">
<time>2024-03-01T15:46:45.031Z</time>
<extensions>
<label xmlns="http://www.topografix.com/GPX/gpx_overlay/0/5">
</label>
<ExtendedData xmlns="http://www.topografix.com/GPX/Private/TopoGrafix/0/5">
<Data name="depth_elev">
<value>2065-2070</value>
</Data>
<Data name="structure_type">
<value>Georgia Cubes</value>
</Data>
<Data name="cove_name_location">
<value>West Salome</value>
</Data>
<Data name="lake">
<value>Roosevelt Lake</value>
</Data>
<Data name="date">
<value>2019-05-14</value>
</Data>
<Data name="id">
<value>389</value>
</Data>
<Data name="structures">
<value>40</value>
</Data>
<Data name="installed_by">
<value>AGFD</value>
</Data>
</ExtendedData>
</extensions>
</wpt>
<wpt lat="33.72000000" lon="-111.20000000">
<time>2024-03-01T15:46:45.031Z</time>
<extensions>
<label xmlns="http://www.topografix.com/GPX/gpx_overlay/0/5">
</label>
<ExtendedData xmlns="http://www.topografix.com/GPX/Private/TopoGrafix/0/5">
<Data name="depth_elev">
<value>2065-2070</value>
</Data>
<Data name="structure_type">
<value>Georgia Cubes</value>
</Data>
<Data name="cove_name_location">
<value>East Cholla</value>
</Data>
<Data name="lake">
<value>Roosevelt Lake</value>
</Data>
<Data name="date">
<value>2019-05-15</value>
</Data>
<Data name="id">
<value>390</value>
</Data>
<Data name="structures">
<value>24</value>
</Data>
<Data name="installed_by">
<value>AGFD</value>
</Data>
</ExtendedData>
</extensions>
</wpt>
<wpt lat="33.69000000" lon="-111.14000000">
<time>2024-03-01T15:46:45.031Z</time>
<extensions>
<label xmlns="http://www.topografix.com/GPX/gpx_overlay/0/5">
</label>
<ExtendedData xmlns="http://www.topografix.com/GPX/Private/TopoGrafix/0/5">
<Data name="depth_elev">
<value>2065-2070</value>
</Data>
<Data name="structure_type">
<value>Georgia Cubes</value>
</Data>
<Data name="cove_name_location">
<value>Bass point</value>
</Data>
<Data name="lake">
<value>Roosevelt Lake</value>
</Data>
<Data name="date">
<value>2019-06-04</value>
</Data>
<Data name="id">
<value>398</value>
</Data>
<Data name="structures">
<value>12</value>
</Data>
<Data name="installed_by">
<value>AGFD</value>
</Data>
</ExtendedData>
</extensions>
</wpt>
<wpt lat="33.67000000" lon="-111.08000000">
<time>2024-03-01T15:46:45.031Z</time>
<extensions>
<label xmlns="http://www.topografix.com/GPX/gpx_overlay/0/5">
</label>
<ExtendedData xmlns="http://www.topografix.com/GPX/Private/TopoGrafix/0/5">
<Data name="depth_elev">
<value>2065-2070</value>
</Data>
<Data name="structure_type">
<value>Georgia Cubes</value>
</Data>
<Data name="cove_name_location">
<value>Beehive Pocket</value>
</Data>
<Data name="lake">
<value>Roosevelt Lake</value>
</Data>
<Data name="date">
<value>2019-06-04</value>
</Data>
<Data name="id">
<value>399</value>
</Data>
<Data name="structures">
<value>7</value>
</Data>
<Data name="installed_by">
<value>AGFD</value>
</Data>
</ExtendedData>
</extensions>
</wpt>
<wpt lat="33.72000000" lon="-111.20000000">
<time>2024-03-01T15:46:45.031Z</time>
<extensions>
<label xmlns="http://www.topografix.com/GPX/gpx_overlay/0/5">
</label>
<ExtendedData xmlns="http://www.topografix.com/GPX/Private/TopoGrafix/0/5">
<Data name="depth_elev">
<value>2065-2070</value>
</Data>
<Data name="structure_type">
<value>Georgia Cubes</value>
</Data>
<Data name="cove_name_location">
<value>Cholla Bay</value>
</Data>
<Data name="lake">
<value>Roosevelt Lake</value>
</Data>
<Data name="date">
<value>2019-06-04</value>
</Data>
<Data name="id">
<value>400</value>
</Data>
<Data name="structures">
<value>12</value>
</Data>
<Data name="installed_by">
<value>AGFD</value>
</Data>
</ExtendedData>
</extensions>
</wpt>
<wpt lat="33.72000000" lon="-111.20000000">
<time>2024-03-01T15:46:45.031Z</time>
<extensions>
<label xmlns="http://www.topografix.com/GPX/gpx_overlay/0/5">
</label>
<ExtendedData xmlns="http://www.topografix.com/GPX/Private/TopoGrafix/0/5">
<Data name="depth_elev">
<value>2065-2070</value>
</Data>
<Data name="structure_type">
<value>Georgia Cubes</value>
</Data>
<Data name="cove_name_location">
<value>East Cholla</value>
</Data>
<Data name="lake">
<value>Roosevelt Lake</value>
</Data>
<Data name="date">
<value>2019-06-04</value>
</Data>
<Data name="id">
<value>401</value>
</Data>
<Data name="structures">
<value>12</value>
</Data>
<Data name="installed_by">
<value>AGFD</value>
</Data>
</ExtendedData>
</extensions>
</wpt>
<wpt lat="33.72000000" lon="-111.17000000">
<time>2024-03-01T15:46:45.031Z</time>
<extensions>
<label xmlns="http://www.topografix.com/GPX/gpx_overlay/0/5">
</label>
<ExtendedData xmlns="http://www.topografix.com/GPX/Private/TopoGrafix/0/5">
<Data name="depth_elev">
<value>2065-2070</value>
</Data>
<Data name="structure_type">
<value>Georgia Cubes</value>
</Data>
<Data name="cove_name_location">
<value>Georgia Cube Site 2</value>
</Data>
<Data name="lake">
<value>Roosevelt Lake</value>
</Data>
<Data name="date">
<value>2019-06-04</value>
</Data>
<Data name="id">
<value>402</value>
</Data>
<Data name="structures">
<value>12</value>
</Data>
<Data name="installed_by">
<value>AGFD</value>
</Data>
</ExtendedData>
</extensions>
</wpt>
<wpt lat="33.71000000" lon="-111.16000000">
<time>2024-03-01T15:46:45.031Z</time>
<extensions>
<label xmlns="http://www.topografix.com/GPX/gpx_overlay/0/5">
</label>
<ExtendedData xmlns="http://www.topografix.com/GPX/Private/TopoGrafix/0/5">
<Data name="depth_elev">
<value>2065-2070</value>
</Data>
<Data name="structure_type">
<value>Georgia Cubes</value>
</Data>
<Data name="cove_name_location">
<value>Georgia Cube site 3</value>
</Data>
<Data name="lake">
<value>Roosevelt Lake</value>
</Data>
<Data name="date">
<value>2019-06-04</value>
</Data>
<Data name="id">
<value>403</value>
</Data>
<Data name="structures">
<value>12</value>
</Data>
<Data name="installed_by">
<value>AGFD</value>
</Data>
</ExtendedData>
</extensions>
</wpt>
<wpt lat="33.69000000" lon="-111.15000000">
<time>2024-03-01T15:46:45.031Z</time>
<extensions>
<label xmlns="http://www.topografix.com/GPX/gpx_overlay/0/5">
</label>
<ExtendedData xmlns="http://www.topografix.com/GPX/Private/TopoGrafix/0/5">
<Data name="depth_elev">
<value>2065-2070</value>
</Data>
<Data name="structure_type">
<value>Georgia Cubes</value>
</Data>
<Data name="cove_name_location">
<value>Rock Island</value>
</Data>
<Data name="lake">
<value>Roosevelt Lake</value>
</Data>
<Data name="date">
<value>2019-06-04</value>
</Data>
<Data name="id">
<value>404</value>
</Data>
<Data name="structures">
<value>12</value>
</Data>
<Data name="installed_by">
<value>AGFD</value>
</Data>
</ExtendedData>
</extensions>
</wpt>
<wpt lat="33.67000000" lon="-111.11000000">
<time>2024-03-01T15:46:45.031Z</time>
<extensions>
<label xmlns="http://www.topografix.com/GPX/gpx_overlay/0/5">
</label>
<ExtendedData xmlns="http://www.topografix.com/GPX/Private/TopoGrafix/0/5">
<Data name="depth_elev">
<value>2065-2070</value>
</Data>
<Data name="structure_type">
<value>Georgia Cubes</value>
</Data>
<Data name="cove_name_location">
<value>South Shoreline 1</value>
</Data>
<Data name="lake">
<value>Roosevelt Lake</value>
</Data>
<Data name="date">
<value>2019-06-04</value>
</Data>
<Data name="id">
<value>405</value>
</Data>
<Data name="structures">
<value>12</value>
</Data>
<Data name="installed_by">
<value>AGFD</value>
</Data>
</ExtendedData>
</extensions>
</wpt>
<wpt lat="33.69000000" lon="-111.10000000">
<time>2024-03-01T15:46:45.031Z</time>
<extensions>
<label xmlns="http://www.topografix.com/GPX/gpx_overlay/0/5">
</label>
<ExtendedData xmlns="http://www.topografix.com/GPX/Private/TopoGrafix/0/5">
<Data name="depth_elev">
<value>2065-2070</value>
</Data>
<Data name="structure_type">
<value>Georgia Cubes</value>
</Data>
<Data name="cove_name_location">
<value>West Salome</value>
</Data>
<Data name="lake">
<value>Roosevelt Lake</value>
</Data>
<Data name="date">
<value>2019-06-04</value>
</Data>
<Data name="id">
<value>406</value>
</Data>
<Data name="structures">
<value>12</value>
</Data>
<Data name="installed_by">
<value>AGFD</value>
</Data>
</ExtendedData>
</extensions>
</wpt>
<wpt lat="33.70000000" lon="-111.14000000">
<time>2024-03-01T15:46:45.031Z</time>
<extensions>
<label xmlns="http://www.topografix.com/GPX/gpx_overlay/0/5">
</label>
<ExtendedData xmlns="http://www.topografix.com/GPX/Private/TopoGrafix/0/5">
<Data name="depth_elev">
<value>2075-2085</value>
</Data>
<Data name="structure_type">
<value>Georgia Cubes</value>
</Data>
<Data name="cove_name_location">
<value>Devils Hole</value>
</Data>
<Data name="lake">
<value>Roosevelt Lake</value>
</Data>
<Data name="date">
<value>2017-06-06</value>
</Data>
<Data name="id">
<value>1505</value>
</Data>
<Data name="structures">
<value>20</value>
</Data>
<Data name="installed_by">
<value>AGFD</value>
</Data>
</ExtendedData>
</extensions>
</wpt>
<wpt lat="33.69000000" lon="-111.14000000">
<time>2024-03-01T15:46:45.031Z</time>
<extensions>
<label xmlns="http://www.topografix.com/GPX/gpx_overlay/0/5">
</label>
<ExtendedData xmlns="http://www.topografix.com/GPX/Private/TopoGrafix/0/5">
<Data name="depth_elev">
<value>2065-2075</value>
</Data>
<Data name="structure_type">
<value>Georgia Cubes</value>
</Data>
<Data name="cove_name_location">
<value>Fools Pass (East)</value>
</Data>
<Data name="lake">
<value>Roosevelt Lake</value>
</Data>
<Data name="date">
<value>2017-06-06</value>
</Data>
<Data name="id">
<value>1506</value>
</Data>
<Data name="structures">
<value>17</value>
</Data>
<Data name="installed_by">
<value>AGFD</value>
</Data>
</ExtendedData>
</extensions>
</wpt>
<wpt lat="33.67000000" lon="-111.12000000">
<time>2024-03-01T15:46:45.031Z</time>
<extensions>
<label xmlns="http://www.topografix.com/GPX/gpx_overlay/0/5">
</label>
<ExtendedData xmlns="http://www.topografix.com/GPX/Private/TopoGrafix/0/5">
<Data name="depth_elev">
<value>2063-2070</value>
</Data>
<Data name="structure_type">
<value>Georgia Cubes</value>
</Data>
<Data name="cove_name_location">
<value>South Shoreline 2</value>
</Data>
<Data name="lake">
<value>Roosevelt Lake</value>
</Data>
<Data name="date">
<value>2017-06-06</value>
</Data>
<Data name="id">
<value>1507</value>
</Data>
<Data name="structures">
<value>21</value>
</Data>
<Data name="installed_by">
<value>AGFD</value>
</Data>
</ExtendedData>
</extensions>
</wpt>
<wpt lat="33.69000000" lon="-111.14000000">
<time>2024-03-01T15:46:45.031Z</time>
<extensions>
<label xmlns="http://www.topografix.com/GPX/gpx_overlay/0/5">
</label>
<ExtendedData xmlns="http://www.topografix.com/GPX/Private/TopoGrafix/0/5">
<Data name="depth_elev">
<value>2065-2075</value>
</Data>
<Data name="structure_type">
<value>Georgia Cubes</value>
</Data>
<Data name="cove_name_location">
<value>Fools Pass (East)</value>
</Data>
<Data name="lake">
<value>Roosevelt Lake</value>
</Data>
<Data name="date">
<value>2017-10-03</value>
</Data>
<Data name="id">
<value>1515</value>
</Data>
<Data name="structures">
<value>3</value>
</Data>
<Data name="installed_by">
<value>AGFD</value>
</Data>
</ExtendedData>
</extensions>
</wpt>
<wpt lat="33.69000000" lon="-111.09000000">
<time>2024-03-01T15:46:45.031Z</time>
<extensions>
<label xmlns="http://www.topografix.com/GPX/gpx_overlay/0/5">
</label>
<ExtendedData xmlns="http://www.topografix.com/GPX/Private/TopoGrafix/0/5">
<Data name="depth_elev">
<value>2070-2080</value>
</Data>
<Data name="structure_type">
<value>Georgia Cubes</value>
</Data>
<Data name="cove_name_location">
<value>Salome West</value>
</Data>
<Data name="lake">
<value>Roosevelt Lake</value>
</Data>
<Data name="date">
<value>2017-10-03</value>
</Data>
<Data name="id">
<value>1517</value>
</Data>
<Data name="structures">
<value>20</value>
</Data>
<Data name="installed_by">
<value>AGFD</value>
</Data>
</ExtendedData>
</extensions>
</wpt>
<wpt lat="33.72000000" lon="-111.20000000">
<time>2024-03-01T15:46:45.031Z</time>
<extensions>
<label xmlns="http://www.topografix.com/GPX/gpx_overlay/0/5">
</label>
<ExtendedData xmlns="http://www.topografix.com/GPX/Private/TopoGrafix/0/5">
<Data name="depth_elev">
<value>2075-2080</value>
</Data>
<Data name="structure_type">
<value>Georgia Cubes</value>
</Data>
<Data name="cove_name_location">
<value>Cholla Bay</value>
</Data>
<Data name="lake">
<value>Roosevelt Lake</value>
</Data>
<Data name="date">
<value>2017-10-04</value>
</Data>
<Data name="id">
<value>1521</value>
</Data>
<Data name="structures">
<value>20</value>
</Data>
<Data name="installed_by">
<value>AGFD</value>
</Data>
</ExtendedData>
</extensions>
</wpt>
<wpt lat="33.69000000" lon="-111.09000000">
<time>2024-03-01T15:46:45.031Z</time>
<extensions>
<label xmlns="http://www.topografix.com/GPX/gpx_overlay/0/5">
</label>
<ExtendedData xmlns="http://www.topografix.com/GPX/Private/TopoGrafix/0/5">
<Data name="depth_elev">
<value>2070-2080</value>
</Data>
<Data name="structure_type">
<value>Georgia Cubes</value>
</Data>
<Data name="cove_name_location">
<value>Salome West</value>
</Data>
<Data name="lake">
<value>Roosevelt Lake</value>
</Data>
<Data name="date">
<value>2018-04-14</value>
</Data>
<Data name="id">
<value>1525</value>
</Data>
<Data name="structures">
<value>14</value>
</Data>
<Data name="installed_by">
<value>AGFD</value>
</Data>
</ExtendedData>
</extensions>
</wpt>
<wpt lat="33.67000000" lon="-111.12000000">
<time>2024-03-01T15:46:45.031Z</time>
<extensions>
<label xmlns="http://www.topografix.com/GPX/gpx_overlay/0/5">
</label>
<ExtendedData xmlns="http://www.topografix.com/GPX/Private/TopoGrafix/0/5">
<Data name="depth_elev">
<value>2060-2070</value>
</Data>
<Data name="structure_type">
<value>Georgia Cubes</value>
</Data>
<Data name="cove_name_location">
<value>South Shoreline 2</value>
</Data>
<Data name="lake">
<value>Roosevelt Lake</value>
</Data>
<Data name="date">
<value>2018-04-14</value>
</Data>
<Data name="id">
<value>1526</value>
</Data>
<Data name="structures">
<value>20</value>
</Data>
<Data name="installed_by">
<value>AGFD</value>
</Data>
</ExtendedData>
</extensions>
</wpt>
<wpt lat="33.68000000" lon="-111.06000000">
<time>2024-03-01T15:46:45.031Z</time>
<extensions>
<label xmlns="http://www.topografix.com/GPX/gpx_overlay/0/5">
</label>
<ExtendedData xmlns="http://www.topografix.com/GPX/Private/TopoGrafix/0/5">
<Data name="depth_elev">
<value>2074-2079</value>
</Data>
<Data name="structure_type">
<value>Georgia Cubes</value>
</Data>
<Data name="cove_name_location">
<value>Lands End</value>
</Data>
<Data name="lake">
<value>Roosevelt Lake</value>
</Data>
<Data name="date">
<value>2018-06-13</value>
</Data>
<Data name="id">
<value>1527</value>
</Data>
<Data name="structures">
<value>35</value>
</Data>
<Data name="installed_by">
<value>AGFD</value>
</Data>
</ExtendedData>
</extensions>
</wpt>
<wpt lat="33.69000000" lon="-111.15000000">
<time>2024-03-01T15:46:45.031Z</time>
<extensions>
<label xmlns="http://www.topografix.com/GPX/gpx_overlay/0/5">
</label>
<ExtendedData xmlns="http://www.topografix.com/GPX/Private/TopoGrafix/0/5">
<Data name="depth_elev">
<value>2069-2079</value>
</Data>
<Data name="structure_type">
<value>Georgia Cubes</value>
</Data>
<Data name="cove_name_location">
<value>Rock Island</value>
</Data>
<Data name="lake">
<value>Roosevelt Lake</value>
</Data>
<Data name="date">
<value>2018-06-13</value>
</Data>
<Data name="id">
<value>1528</value>
</Data>
<Data name="structures">
<value>35</value>
</Data>
<Data name="installed_by">
<value>AGFD</value>
</Data>
</ExtendedData>
</extensions>
</wpt>
<wpt lat="33.68000000" lon="-111.09000000">
<time>2024-03-01T15:46:45.031Z</time>
<extensions>
<label xmlns="http://www.topografix.com/GPX/gpx_overlay/0/5">
</label>
<ExtendedData xmlns="http://www.topografix.com/GPX/Private/TopoGrafix/0/5">
<Data name="depth_elev">
<value>2074-2079</value>
</Data>
<Data name="structure_type">
<value>Georgia Cubes</value>
</Data>
<Data name="cove_name_location">
<value>Windy Hill</value>
</Data>
<Data name="lake">
<value>Roosevelt Lake</value>
</Data>
<Data name="date">
<value>2018-06-13</value>
</Data>
<Data name="id">
<value>1529</value>
</Data>
<Data name="structures">
<value>34</value>
</Data>
<Data name="installed_by">
<value>AGFD</value>
</Data>
</ExtendedData>
</extensions>
</wpt>
<wpt lat="33.69000000" lon="-111.14000000">
<time>2024-03-01T15:46:45.031Z</time>
<extensions>
<label xmlns="http://www.topografix.com/GPX/gpx_overlay/0/5">
</label>
<ExtendedData xmlns="http://www.topografix.com/GPX/Private/TopoGrafix/0/5">
<Data name="depth_elev">
<value>2070-2075</value>
</Data>
<Data name="structure_type">
<value>Georgia Cubes</value>
</Data>
<Data name="cove_name_location">
<value>Fools Pass (East)</value>
</Data>
<Data name="lake">
<value>Roosevelt Lake</value>
</Data>
<Data name="date">
<value>2018-10-17</value>
</Data>
<Data name="id">
<value>1536</value>
</Data>
<Data name="structures">
<value>24</value>
</Data>
<Data name="installed_by">
<value>AGFD</value>
</Data>
</ExtendedData>
</extensions>
</wpt>
<wpt lat="33.71000000" lon="-111.15000000">
<time>2024-03-01T15:46:45.031Z</time>
<extensions>
<label xmlns="http://www.topografix.com/GPX/gpx_overlay/0/5">
</label>
<ExtendedData xmlns="http://www.topografix.com/GPX/Private/TopoGrafix/0/5">
<Data name="depth_elev">
<value>2070-2075</value>
</Data>
<Data name="structure_type">
<value>Georgia Cubes</value>
</Data>
<Data name="cove_name_location">
<value>Georgia Cube Site 4</value>
</Data>
<Data name="lake">
<value>Roosevelt Lake</value>
</Data>
<Data name="date">
<value>2018-10-17</value>
</Data>
<Data name="id">
<value>1537</value>
</Data>
<Data name="structures">
<value>28</value>
</Data>
<Data name="installed_by">
<value>AGFD</value>
</Data>
</ExtendedData>
</extensions>
</wpt>
<wpt lat="33.68000000" lon="-111.06000000">
<time>2024-03-01T15:46:45.031Z</time>
<extensions>
<label xmlns="http://www.topografix.com/GPX/gpx_overlay/0/5">
</label>
<ExtendedData xmlns="http://www.topografix.com/GPX/Private/TopoGrafix/0/5">
<Data name="depth_elev">
<value>2070-2075</value>
</Data>
<Data name="structure_type">
<value>Georgia Cubes</value>
</Data>
<Data name="cove_name_location">
<value>Lands End</value>
</Data>
<Data name="lake">
<value>Roosevelt Lake</value>
</Data>
<Data name="date">
<value>2018-10-17</value>
</Data>
<Data name="id">
<value>1538</value>
</Data>
<Data name="structures">
<value>8</value>
</Data>
<Data name="installed_by">
<value>AGFD</value>
</Data>
</ExtendedData>
</extensions>
</wpt>
<wpt lat="33.69000000" lon="-111.09000000">
<time>2024-03-01T15:46:45.031Z</time>
<extensions>
<label xmlns="http://www.topografix.com/GPX/gpx_overlay/0/5">
</label>
<ExtendedData xmlns="http://www.topografix.com/GPX/Private/TopoGrafix/0/5">
<Data name="depth_elev">
<value>2070-2075</value>
</Data>
<Data name="structure_type">
<value>Georgia Cubes</value>
</Data>
<Data name="cove_name_location">
<value>Salome West</value>
</Data>
<Data name="lake">
<value>Roosevelt Lake</value>
</Data>
<Data name="date">
<value>2018-10-17</value>
</Data>
<Data name="id">
<value>1539</value>
</Data>
<Data name="structures">
<value>8</value>
</Data>
<Data name="installed_by">
<value>AGFD</value>
</Data>
</ExtendedData>
</extensions>
</wpt>
<wpt lat="33.68000000" lon="-111.09000000">
<time>2024-03-01T15:46:45.031Z</time>
<extensions>
<label xmlns="http://www.topografix.com/GPX/gpx_overlay/0/5">
</label>
<ExtendedData xmlns="http://www.topografix.com/GPX/Private/TopoGrafix/0/5">
<Data name="depth_elev">
<value>2070-2075</value>
</Data>
<Data name="structure_type">
<value>Georgia Cubes</value>
</Data>
<Data name="cove_name_location">
<value>Windy Hill</value>
</Data>
<Data name="lake">
<value>Roosevelt Lake</value>
</Data>
<Data name="date">
<value>2018-10-17</value>
</Data>
<Data name="id">
<value>1540</value>
</Data>
<Data name="structures">
<value>8</value>
</Data>
<Data name="installed_by">
<value>AGFD</value>
</Data>
</ExtendedData>
</extensions>
</wpt>
<wpt lat="33.70000000" lon="-111.14000000">
<time>2024-03-01T15:46:45.031Z</time>
<extensions>
<label xmlns="http://www.topografix.com/GPX/gpx_overlay/0/5">
</label>
<ExtendedData xmlns="http://www.topografix.com/GPX/Private/TopoGrafix/0/5">
<Data name="depth_elev">
<value>2070-2075</value>
</Data>
<Data name="structure_type">
<value>Georgia Cubes</value>
</Data>
<Data name="cove_name_location">
<value>Devils Hole</value>
</Data>
<Data name="lake">
<value>Roosevelt Lake</value>
</Data>
<Data name="date">
<value>2018-10-18</value>
</Data>
<Data name="id">
<value>1541</value>
</Data>
<Data name="structures">
<value>10</value>
</Data>
<Data name="installed_by">
<value>AGFD</value>
</Data>
</ExtendedData>
</extensions>
</wpt>
<wpt lat="33.73000000" lon="-111.20000000">
<time>2024-03-01T15:46:45.031Z</time>
<extensions>
<label xmlns="http://www.topografix.com/GPX/gpx_overlay/0/5">
</label>
<ExtendedData xmlns="http://www.topografix.com/GPX/Private/TopoGrafix/0/5">
<Data name="depth_elev">
<value>2070-2075</value>
</Data>
<Data name="structure_type">
<value>Georgia Cubes</value>
</Data>
<Data name="cove_name_location">
<value>Georgia Cube Site 1</value>
</Data>
<Data name="lake">
<value>Roosevelt Lake</value>
</Data>
<Data name="date">
<value>2018-10-18</value>
</Data>
<Data name="id">
<value>1542</value>
</Data>
<Data name="structures">
<value>20</value>
</Data>
<Data name="installed_by">
<value>AGFD</value>
</Data>
</ExtendedData>
</extensions>
</wpt>
<wpt lat="33.72000000" lon="-111.17000000">
<time>2024-03-01T15:46:45.031Z</time>
<extensions>
<label xmlns="http://www.topografix.com/GPX/gpx_overlay/0/5">
</label>
<ExtendedData xmlns="http://www.topografix.com/GPX/Private/TopoGrafix/0/5">
<Data name="depth_elev">
<value>2070-2075</value>
</Data>
<Data name="structure_type">
<value>Georgia Cubes</value>
</Data>
<Data name="cove_name_location">
<value>Georgia Cube Site 2</value>
</Data>
<Data name="lake">
<value>Roosevelt Lake</value>
</Data>
<Data name="date">
<value>2018-10-18</value>
</Data>
<Data name="id">
<value>1543</value>
</Data>
<Data name="structures">
<value>21</value>
</Data>
<Data name="installed_by">
<value>AGFD</value>
</Data>
</ExtendedData>
</extensions>
</wpt>
<wpt lat="33.71000000" lon="-111.16000000">
<time>2024-03-01T15:46:45.031Z</time>
<extensions>
<label xmlns="http://www.topografix.com/GPX/gpx_overlay/0/5">
</label>
<ExtendedData xmlns="http://www.topografix.com/GPX/Private/TopoGrafix/0/5">
<Data name="depth_elev">
<value>2070-2075</value>
</Data>
<Data name="structure_type">
<value>Georgia Cubes</value>
</Data>
<Data name="cove_name_location">
<value>Georgia Cube site 3</value>
</Data>
<Data name="lake">
<value>Roosevelt Lake</value>
</Data>
<Data name="date">
<value>2018-10-18</value>
</Data>
<Data name="id">
<value>1544</value>
</Data>
<Data name="structures">
<value>20</value>
</Data>
<Data name="installed_by">
<value>AGFD</value>
</Data>
</ExtendedData>
</extensions>
</wpt>
<wpt lat="33.68000000" lon="-111.09000000">
<time>2024-03-01T15:46:45.031Z</time>
<extensions>
<label xmlns="http://www.topografix.com/GPX/gpx_overlay/0/5">
</label>
<ExtendedData xmlns="http://www.topografix.com/GPX/Private/TopoGrafix/0/5">
<Data name="depth_elev">
<value>2065-2070</value>
</Data>
<Data name="structure_type">
<value>Georgia Cubes</value>
</Data>
<Data name="cove_name_location">
<value>Windy Hill</value>
</Data>
<Data name="lake">
<value>Roosevelt Lake</value>
</Data>
<Data name="date">
<value>2018-12-18</value>
</Data>
<Data name="id">
<value>1546</value>
</Data>
<Data name="structures">
<value>9</value>
</Data>
<Data name="installed_by">
<value>AGFD</value>
</Data>
</ExtendedData>
</extensions>
</wpt>
<wpt lat="33.68000000" lon="-111.06000000">
<time>2024-03-01T15:46:45.031Z</time>
<extensions>
<label xmlns="http://www.topografix.com/GPX/gpx_overlay/0/5">
</label>
<ExtendedData xmlns="http://www.topografix.com/GPX/Private/TopoGrafix/0/5">
<Data name="depth_elev">
<value>2065-2070</value>
</Data>
<Data name="structure_type">
<value>Georgia Cubes</value>
</Data>
<Data name="cove_name_location">
<value>Lands End</value>
</Data>
<Data name="lake">
<value>Roosevelt Lake</value>
</Data>
<Data name="date">
<value>2018-12-19</value>
</Data>
<Data name="id">
<value>1548</value>
</Data>
<Data name="structures">
<value>9</value>
</Data>
<Data name="installed_by">
<value>AGFD</value>
</Data>
</ExtendedData>
</extensions>
</wpt>
<wpt lat="33.69000000" lon="-111.09000000">
<time>2024-03-01T15:46:45.031Z</time>
<extensions>
<label xmlns="http://www.topografix.com/GPX/gpx_overlay/0/5">
</label>
<ExtendedData xmlns="http://www.topografix.com/GPX/Private/TopoGrafix/0/5">
<Data name="depth_elev">
<value>2065-2070</value>
</Data>
<Data name="structure_type">
<value>Georgia Cubes</value>
</Data>
<Data name="cove_name_location">
<value>Salome West</value>
</Data>
<Data name="lake">
<value>Roosevelt Lake</value>
</Data>
<Data name="date">
<value>2018-12-19</value>
</Data>
<Data name="id">
<value>1550</value>
</Data>
<Data name="structures">
<value>9</value>
</Data>
<Data name="installed_by">
<value>AGFD</value>
</Data>
</ExtendedData>
</extensions>
</wpt>
<wpt lat="33.67000000" lon="-111.12000000">
<time>2024-03-01T15:46:45.031Z</time>
<extensions>
<label xmlns="http://www.topografix.com/GPX/gpx_overlay/0/5">
</label>
<ExtendedData xmlns="http://www.topografix.com/GPX/Private/TopoGrafix/0/5">
<Data name="depth_elev">
<value>2065-2070</value>
</Data>
<Data name="structure_type">
<value>Georgia Cubes</value>
</Data>
<Data name="cove_name_location">
<value>South Shoreline 2</value>
</Data>
<Data name="lake">
<value>Roosevelt Lake</value>
</Data>
<Data name="date">
<value>2018-12-19</value>
</Data>
<Data name="id">
<value>1551</value>
</Data>
<Data name="structures">
<value>9</value>
</Data>
<Data name="installed_by">
<value>AGFD</value>
</Data>
</ExtendedData>
</extensions>
</wpt>
<wpt lat="33.69000000" lon="-111.14000000">
<time>2024-03-01T15:46:45.031Z</time>
<extensions>
<label xmlns="http://www.topografix.com/GPX/gpx_overlay/0/5">
</label>
<ExtendedData xmlns="http://www.topografix.com/GPX/Private/TopoGrafix/0/5">
<Data name="depth_elev">
<value>2065-2070</value>
</Data>
<Data name="structure_type">
<value>Georgia Cubes</value>
</Data>
<Data name="cove_name_location">
<value>Bass point</value>
</Data>
<Data name="lake">
<value>Roosevelt Lake</value>
</Data>
<Data name="date">
<value>2019-05-14</value>
</Data>
<Data name="id">
<value>1554</value>
</Data>
<Data name="structures">
<value>40</value>
</Data>
<Data name="installed_by">
<value>AGFD</value>
</Data>
</ExtendedData>
</extensions>
</wpt>
<wpt lat="33.67000000" lon="-111.12000000">
<time>2024-03-01T15:46:45.031Z</time>
<extensions>
<label xmlns="http://www.topografix.com/GPX/gpx_overlay/0/5">
</label>
<ExtendedData xmlns="http://www.topografix.com/GPX/Private/TopoGrafix/0/5">
<Data name="depth_elev">
<value>2065-2070</value>
</Data>
<Data name="structure_type">
<value>Georgia Cubes</value>
</Data>
<Data name="cove_name_location">
<value>Fraizer</value>
</Data>
<Data name="lake">
<value>Roosevelt Lake</value>
</Data>
<Data name="date">
<value>2019-05-14</value>
</Data>
<Data name="id">
<value>1555</value>
</Data>
<Data name="structures">
<value>44</value>
</Data>
<Data name="installed_by">
<value>AGFD</value>
</Data>
</ExtendedData>
</extensions>
</wpt>
<wpt lat="33.71000000" lon="-111.15000000">
<time>2024-03-01T15:46:45.031Z</time>
<extensions>
<label xmlns="http://www.topografix.com/GPX/gpx_overlay/0/5">
</label>
<ExtendedData xmlns="http://www.topografix.com/GPX/Private/TopoGrafix/0/5">
<Data name="depth_elev">
<value>2065-2070</value>
</Data>
<Data name="structure_type">
<value>Georgia Cubes</value>
</Data>
<Data name="cove_name_location">
<value>Georgia cube site 4</value>
</Data>
<Data name="lake">
<value>Roosevelt Lake</value>
</Data>
<Data name="date">
<value>2019-05-14</value>
</Data>
<Data name="id">
<value>1556</value>
</Data>
<Data name="structures">
<value>12</value>
</Data>
<Data name="installed_by">
<value>AGFD</value>
</Data>
</ExtendedData>
</extensions>
</wpt>
<wpt lat="33.69000000" lon="-111.10000000">
<time>2024-03-01T15:46:45.031Z</time>
<extensions>
<label xmlns="http://www.topografix.com/GPX/gpx_overlay/0/5">
</label>
<ExtendedData xmlns="http://www.topografix.com/GPX/Private/TopoGrafix/0/5">
<Data name="depth_elev">
<value>2065-2070</value>
</Data>
<Data name="structure_type">
<value>Georgia Cubes</value>
</Data>
<Data name="cove_name_location">
<value>West Salome</value>
</Data>
<Data name="lake">
<value>Roosevelt Lake</value>
</Data>
<Data name="date">
<value>2019-05-14</value>
</Data>
<Data name="id">
<value>1557</value>
</Data>
<Data name="structures">
<value>40</value>
</Data>
<Data name="installed_by">
<value>AGFD</value>
</Data>
</ExtendedData>
</extensions>
</wpt>
<wpt lat="33.72000000" lon="-111.20000000">
<time>2024-03-01T15:46:45.031Z</time>
<extensions>
<label xmlns="http://www.topografix.com/GPX/gpx_overlay/0/5">
</label>
<ExtendedData xmlns="http://www.topografix.com/GPX/Private/TopoGrafix/0/5">
<Data name="depth_elev">
<value>2065-2070</value>
</Data>
<Data name="structure_type">
<value>Georgia Cubes</value>
</Data>
<Data name="cove_name_location">
<value>East Cholla</value>
</Data>
<Data name="lake">
<value>Roosevelt Lake</value>
</Data>
<Data name="date">
<value>2019-05-15</value>
</Data>
<Data name="id">
<value>1558</value>
</Data>
<Data name="structures">
<value>24</value>
</Data>
<Data name="installed_by">
<value>AGFD</value>
</Data>
</ExtendedData>
</extensions>
</wpt>
<wpt lat="33.69000000" lon="-111.14000000">
<time>2024-03-01T15:46:45.031Z</time>
<extensions>
<label xmlns="http://www.topografix.com/GPX/gpx_overlay/0/5">
</label>
<ExtendedData xmlns="http://www.topografix.com/GPX/Private/TopoGrafix/0/5">
<Data name="depth_elev">
<value>2065-2070</value>
</Data>
<Data name="structure_type">
<value>Georgia Cubes</value>
</Data>
<Data name="cove_name_location">
<value>Bass point</value>
</Data>
<Data name="lake">
<value>Roosevelt Lake</value>
</Data>
<Data name="date">
<value>2019-06-04</value>
</Data>
<Data name="id">
<value>1566</value>
</Data>
<Data name="structures">
<value>12</value>
</Data>
<Data name="installed_by">
<value>AGFD</value>
</Data>
</ExtendedData>
</extensions>
</wpt>
<wpt lat="33.67000000" lon="-111.08000000">
<time>2024-03-01T15:46:45.031Z</time>
<extensions>
<label xmlns="http://www.topografix.com/GPX/gpx_overlay/0/5">
</label>
<ExtendedData xmlns="http://www.topografix.com/GPX/Private/TopoGrafix/0/5">
<Data name="depth_elev">
<value>2065-2070</value>
</Data>
<Data name="structure_type">
<value>Georgia Cubes</value>
</Data>
<Data name="cove_name_location">
<value>Beehive Pocket</value>
</Data>
<Data name="lake">
<value>Roosevelt Lake</value>
</Data>
<Data name="date">
<value>2019-06-04</value>
</Data>
<Data name="id">
<value>1567</value>
</Data>
<Data name="structures">
<value>7</value>
</Data>
<Data name="installed_by">
<value>AGFD</value>
</Data>
</ExtendedData>
</extensions>
</wpt>
<wpt lat="33.72000000" lon="-111.20000000">
<time>2024-03-01T15:46:45.031Z</time>
<extensions>
<label xmlns="http://www.topografix.com/GPX/gpx_overlay/0/5">
</label>
<ExtendedData xmlns="http://www.topografix.com/GPX/Private/TopoGrafix/0/5">
<Data name="depth_elev">
<value>2065-2070</value>
</Data>
<Data name="structure_type">
<value>Georgia Cubes</value>
</Data>
<Data name="cove_name_location">
<value>Cholla Bay</value>
</Data>
<Data name="lake">
<value>Roosevelt Lake</value>
</Data>
<Data name="date">
<value>2019-06-04</value>
</Data>
<Data name="id">
<value>1568</value>
</Data>
<Data name="structures">
<value>12</value>
</Data>
<Data name="installed_by">
<value>AGFD</value>
</Data>
</ExtendedData>
</extensions>
</wpt>
<wpt lat="33.72000000" lon="-111.20000000">
<time>2024-03-01T15:46:45.031Z</time>
<extensions>
<label xmlns="http://www.topografix.com/GPX/gpx_overlay/0/5">
</label>
<ExtendedData xmlns="http://www.topografix.com/GPX/Private/TopoGrafix/0/5">
<Data name="depth_elev">
<value>2065-2070</value>
</Data>
<Data name="structure_type">
<value>Georgia Cubes</value>
</Data>
<Data name="cove_name_location">
<value>East Cholla</value>
</Data>
<Data name="lake">
<value>Roosevelt Lake</value>
</Data>
<Data name="date">
<value>2019-06-04</value>
</Data>
<Data name="id">
<value>1569</value>
</Data>
<Data name="structures">
<value>12</value>
</Data>
<Data name="installed_by">
<value>AGFD</value>
</Data>
</ExtendedData>
</extensions>
</wpt>
<wpt lat="33.72000000" lon="-111.17000000">
<time>2024-03-01T15:46:45.031Z</time>
<extensions>
<label xmlns="http://www.topografix.com/GPX/gpx_overlay/0/5">
</label>
<ExtendedData xmlns="http://www.topografix.com/GPX/Private/TopoGrafix/0/5">
<Data name="depth_elev">
<value>2065-2070</value>
</Data>
<Data name="structure_type">
<value>Georgia Cubes</value>
</Data>
<Data name="cove_name_location">
<value>Georgia Cube Site 2</value>
</Data>
<Data name="lake">
<value>Roosevelt Lake</value>
</Data>
<Data name="date">
<value>2019-06-04</value>
</Data>
<Data name="id">
<value>1570</value>
</Data>
<Data name="structures">
<value>12</value>
</Data>
<Data name="installed_by">
<value>AGFD</value>
</Data>
</ExtendedData>
</extensions>
</wpt>
<wpt lat="33.71000000" lon="-111.16000000">
<time>2024-03-01T15:46:45.031Z</time>
<extensions>
<label xmlns="http://www.topografix.com/GPX/gpx_overlay/0/5">
</label>
<ExtendedData xmlns="http://www.topografix.com/GPX/Private/TopoGrafix/0/5">
<Data name="depth_elev">
<value>2065-2070</value>
</Data>
<Data name="structure_type">
<value>Georgia Cubes</value>
</Data>
<Data name="cove_name_location">
<value>Georgia Cube site 3</value>
</Data>
<Data name="lake">
<value>Roosevelt Lake</value>
</Data>
<Data name="date">
<value>2019-06-04</value>
</Data>
<Data name="id">
<value>1571</value>
</Data>
<Data name="structures">
<value>12</value>
</Data>
<Data name="installed_by">
<value>AGFD</value>
</Data>
</ExtendedData>
</extensions>
</wpt>
<wpt lat="33.69000000" lon="-111.15000000">
<time>2024-03-01T15:46:45.031Z</time>
<extensions>
<label xmlns="http://www.topografix.com/GPX/gpx_overlay/0/5">
</label>
<ExtendedData xmlns="http://www.topografix.com/GPX/Private/TopoGrafix/0/5">
<Data name="depth_elev">
<value>2065-2070</value>
</Data>
<Data name="structure_type">
<value>Georgia Cubes</value>
</Data>
<Data name="cove_name_location">
<value>Rock Island</value>
</Data>
<Data name="lake">
<value>Roosevelt Lake</value>
</Data>
<Data name="date">
<value>2019-06-04</value>
</Data>
<Data name="id">
<value>1572</value>
</Data>
<Data name="structures">
<value>12</value>
</Data>
<Data name="installed_by">
<value>AGFD</value>
</Data>
</ExtendedData>
</extensions>
</wpt>
<wpt lat="33.67000000" lon="-111.11000000">
<time>2024-03-01T15:46:45.031Z</time>
<extensions>
<label xmlns="http://www.topografix.com/GPX/gpx_overlay/0/5">
</label>
<ExtendedData xmlns="http://www.topografix.com/GPX/Private/TopoGrafix/0/5">
<Data name="depth_elev">
<value>2065-2070</value>
</Data>
<Data name="structure_type">
<value>Georgia Cubes</value>
</Data>
<Data name="cove_name_location">
<value>South Shoreline 1</value>
</Data>
<Data name="lake">
<value>Roosevelt Lake</value>
</Data>
<Data name="date">
<value>2019-06-04</value>
</Data>
<Data name="id">
<value>1573</value>
</Data>
<Data name="structures">
<value>12</value>
</Data>
<Data name="installed_by">
<value>AGFD</value>
</Data>
</ExtendedData>
</extensions>
</wpt>
<wpt lat="33.69000000" lon="-111.10000000">
<time>2024-03-01T15:46:45.031Z</time>
<extensions>
<label xmlns="http://www.topografix.com/GPX/gpx_overlay/0/5">
</label>
<ExtendedData xmlns="http://www.topografix.com/GPX/Private/TopoGrafix/0/5">
<Data name="depth_elev">
<value>2065-2070</value>
</Data>
<Data name="structure_type">
<value>Georgia Cubes</value>
</Data>
<Data name="cove_name_location">
<value>West Salome</value>
</Data>
<Data name="lake">
<value>Roosevelt Lake</value>
</Data>
<Data name="date">
<value>2019-06-04</value>
</Data>
<Data name="id">
<value>1574</value>
</Data>
<Data name="structures">
<value>12</value>
</Data>
<Data name="installed_by">
<value>AGFD</value>
</Data>
</ExtendedData>
</extensions>
</wpt>
<wpt lat="33.67000000" lon="-111.08000000">
<time>2024-03-01T15:46:45.031Z</time>
<extensions>
<label xmlns="http://www.topografix.com/GPX/gpx_overlay/0/5">
</label>
<ExtendedData xmlns="http://www.topografix.com/GPX/Private/TopoGrafix/0/5">
<Data name="depth_elev">
<value>2065-2071</value>
</Data>
<Data name="structure_type">
<value>Mossbacks</value>
</Data>
<Data name="cove_name_location">
<value>Beehive Pocket</value>
</Data>
<Data name="lake">
<value>Roosevelt Lake</value>
</Data>
<Data name="date">
<value>2019-03-07</value>
</Data>
<Data name="id">
<value>384</value>
</Data>
<Data name="structures">
<value>4</value>
</Data>
<Data name="installed_by">
<value>AGFD</value>
</Data>
</ExtendedData>
</extensions>
</wpt>
<wpt lat="33.67000000" lon="-111.08000000">
<time>2024-03-01T15:46:45.031Z</time>
<extensions>
<label xmlns="http://www.topografix.com/GPX/gpx_overlay/0/5">
</label>
<ExtendedData xmlns="http://www.topografix.com/GPX/Private/TopoGrafix/0/5">
<Data name="depth_elev">
<value>2065-2071</value>
</Data>
<Data name="structure_type">
<value>Mossbacks</value>
</Data>
<Data name="cove_name_location">
<value>Beehive Pocket</value>
</Data>
<Data name="lake">
<value>Roosevelt Lake</value>
</Data>
<Data name="date">
<value>2019-03-07</value>
</Data>
<Data name="id">
<value>1552</value>
</Data>
<Data name="structures">
<value>4</value>
</Data>
<Data name="installed_by">
<value>AGFD</value>
</Data>
</ExtendedData>
</extensions>
</wpt>
<wpt lat="33.67000000" lon="-111.09000000">
<time>2024-03-01T15:46:45.031Z</time>
<extensions>
<label xmlns="http://www.topografix.com/GPX/gpx_overlay/0/5">
</label>
<ExtendedData xmlns="http://www.topografix.com/GPX/Private/TopoGrafix/0/5">
<Data name="depth_elev">
<value>2065-2075</value>
</Data>
<Data name="structure_type">
<value>Mossbacks</value>
</Data>
<Data name="cove_name_location">
<value>Windy Hill (West)</value>
</Data>
<Data name="lake">
<value>Roosevelt Lake</value>
</Data>
<Data name="date">
<value>2017-08-08</value>
</Data>
<Data name="id">
<value>341</value>
</Data>
<Data name="structures">
<value>20</value>
</Data>
<Data name="installed_by">
<value>AGFD</value>
</Data>
</ExtendedData>
</extensions>
</wpt>
<wpt lat="33.67000000" lon="-111.08000000">
<time>2024-03-01T15:46:45.031Z</time>
<extensions>
<label xmlns="http://www.topografix.com/GPX/gpx_overlay/0/5">
</label>
<ExtendedData xmlns="http://www.topografix.com/GPX/Private/TopoGrafix/0/5">
<Data name="depth_elev">
<value>2065-2075</value>
</Data>
<Data name="structure_type">
<value>Mossbacks</value>
</Data>
<Data name="cove_name_location">
<value>Windy Hill (East)</value>
</Data>
<Data name="lake">
<value>Roosevelt Lake</value>
</Data>
<Data name="date">
<value>2017-10-02</value>
</Data>
<Data name="id">
<value>344</value>
</Data>
<Data name="structures">
<value>20</value>
</Data>
<Data name="installed_by">
<value>AGFD</value>
</Data>
</ExtendedData>
</extensions>
</wpt>
<wpt lat="33.67000000" lon="-111.09000000">
<time>2024-03-01T15:46:45.031Z</time>
<extensions>
<label xmlns="http://www.topografix.com/GPX/gpx_overlay/0/5">
</label>
<ExtendedData xmlns="http://www.topografix.com/GPX/Private/TopoGrafix/0/5">
<Data name="depth_elev">
<value>2065-2075</value>
</Data>
<Data name="structure_type">
<value>Mossbacks</value>
</Data>
<Data name="cove_name_location">
<value>Windy Hill (West)</value>
</Data>
<Data name="lake">
<value>Roosevelt Lake</value>
</Data>
<Data name="date">
<value>2017-10-02</value>
</Data>
<Data name="id">
<value>345</value>
</Data>
<Data name="structures">
<value>20</value>
</Data>
<Data name="installed_by">
<value>AGFD</value>
</Data>
</ExtendedData>
</extensions>
</wpt>
<wpt lat="33.67000000" lon="-111.13000000">
<time>2024-03-01T15:46:45.031Z</time>
<extensions>
<label xmlns="http://www.topografix.com/GPX/gpx_overlay/0/5">
</label>
<ExtendedData xmlns="http://www.topografix.com/GPX/Private/TopoGrafix/0/5">
<Data name="depth_elev">
<value>2065-2075</value>
</Data>
<Data name="structure_type">
<value>Mossbacks</value>
</Data>
<Data name="cove_name_location">
<value>Cottonwood Cove</value>
</Data>
<Data name="lake">
<value>Roosevelt Lake</value>
</Data>
<Data name="date">
<value>2017-10-03</value>
</Data>
<Data name="id">
<value>346</value>
</Data>
<Data name="structures">
<value>40</value>
</Data>
<Data name="installed_by">
<value>AGFD</value>
</Data>
</ExtendedData>
</extensions>
</wpt>
<wpt lat="33.70000000" lon="-111.14000000">
<time>2024-03-01T15:46:45.031Z</time>
<extensions>
<label xmlns="http://www.topografix.com/GPX/gpx_overlay/0/5">
</label>
<ExtendedData xmlns="http://www.topografix.com/GPX/Private/TopoGrafix/0/5">
<Data name="depth_elev">
<value>2050-2089</value>
</Data>
<Data name="structure_type">
<value>Mossbacks</value>
</Data>
<Data name="cove_name_location">
<value>Fools Pass (West)</value>
</Data>
<Data name="lake">
<value>Roosevelt Lake</value>
</Data>
<Data name="date">
<value>2017-10-03</value>
</Data>
<Data name="id">
<value>348</value>
</Data>
<Data name="structures">
<value>4</value>
</Data>
<Data name="installed_by">
<value>AGFD</value>
</Data>
</ExtendedData>
</extensions>
</wpt>
<wpt lat="33.67000000" lon="-111.08000000">
<time>2024-03-01T15:46:45.031Z</time>
<extensions>
<label xmlns="http://www.topografix.com/GPX/gpx_overlay/0/5">
</label>
<ExtendedData xmlns="http://www.topografix.com/GPX/Private/TopoGrafix/0/5">
<Data name="depth_elev">
<value>2065-2075</value>
</Data>
<Data name="structure_type">
<value>Mossbacks</value>
</Data>
<Data name="cove_name_location">
<value>Windy Hill (East)</value>
</Data>
<Data name="lake">
<value>Roosevelt Lake</value>
</Data>
<Data name="date">
<value>2017-10-03</value>
</Data>
<Data name="id">
<value>352</value>
</Data>
<Data name="structures">
<value>20</value>
</Data>
<Data name="installed_by">
<value>AGFD</value>
</Data>
</ExtendedData>
</extensions>
</wpt>
<wpt lat="33.70000000" lon="-111.14000000">
<time>2024-03-01T15:46:45.031Z</time>
<extensions>
<label xmlns="http://www.topografix.com/GPX/gpx_overlay/0/5">
</label>
<ExtendedData xmlns="http://www.topografix.com/GPX/Private/TopoGrafix/0/5">
<Data name="depth_elev">
<value>2065-2075</value>
</Data>
<Data name="structure_type">
<value>Mossbacks</value>
</Data>
<Data name="cove_name_location">
<value>Fools Pass (West)</value>
</Data>
<Data name="lake">
<value>Roosevelt Lake</value>
</Data>
<Data name="date">
<value>2017-10-04</value>
</Data>
<Data name="id">
<value>355</value>
</Data>
<Data name="structures">
<value>36</value>
</Data>
<Data name="installed_by">
<value>AGFD</value>
</Data>
</ExtendedData>
</extensions>
</wpt>
<wpt lat="33.70000000" lon="-111.18000000">
<time>2024-03-01T15:46:45.031Z</time>
<extensions>
<label xmlns="http://www.topografix.com/GPX/gpx_overlay/0/5">
</label>
<ExtendedData xmlns="http://www.topografix.com/GPX/Private/TopoGrafix/0/5">
<Data name="depth_elev">
<value>2069-2074</value>
</Data>
<Data name="structure_type">
<value>Mossbacks</value>
</Data>
<Data name="cove_name_location">
<value>Vineyard Flat</value>
</Data>
<Data name="lake">
<value>Roosevelt Lake</value>
</Data>
<Data name="date">
<value>2018-06-14</value>
</Data>
<Data name="id">
<value>362</value>
</Data>
<Data name="structures">
<value>14</value>
</Data>
<Data name="installed_by">
<value>AGFD</value>
</Data>
</ExtendedData>
</extensions>
</wpt>
<wpt lat="33.70000000" lon="-111.18000000">
<time>2024-03-01T15:46:45.031Z</time>
<extensions>
<label xmlns="http://www.topografix.com/GPX/gpx_overlay/0/5">
</label>
<ExtendedData xmlns="http://www.topografix.com/GPX/Private/TopoGrafix/0/5">
<Data name="depth_elev">
<value>2065-2070</value>
</Data>
<Data name="structure_type">
<value>Mossbacks</value>
</Data>
<Data name="cove_name_location">
<value>Vineyard Flat</value>
</Data>
<Data name="lake">
<value>Roosevelt Lake</value>
</Data>
<Data name="date">
<value>2018-07-23</value>
</Data>
<Data name="id">
<value>363</value>
</Data>
<Data name="structures">
<value>24</value>
</Data>
<Data name="installed_by">
<value>AGFD</value>
</Data>
</ExtendedData>
</extensions>
</wpt>
<wpt lat="33.67000000" lon="-111.09000000">
<time>2024-03-01T15:46:45.031Z</time>
<extensions>
<label xmlns="http://www.topografix.com/GPX/gpx_overlay/0/5">
</label>
<ExtendedData xmlns="http://www.topografix.com/GPX/Private/TopoGrafix/0/5">
<Data name="depth_elev">
<value>2065-2075</value>
</Data>
<Data name="structure_type">
<value>Mossbacks</value>
</Data>
<Data name="cove_name_location">
<value>Windy Hill (West)</value>
</Data>
<Data name="lake">
<value>Roosevelt Lake</value>
</Data>
<Data name="date">
<value>2017-08-08</value>
</Data>
<Data name="id">
<value>1509</value>
</Data>
<Data name="structures">
<value>20</value>
</Data>
<Data name="installed_by">
<value>AGFD</value>
</Data>
</ExtendedData>
</extensions>
</wpt>
<wpt lat="33.67000000" lon="-111.08000000">
<time>2024-03-01T15:46:45.031Z</time>
<extensions>
<label xmlns="http://www.topografix.com/GPX/gpx_overlay/0/5">
</label>
<ExtendedData xmlns="http://www.topografix.com/GPX/Private/TopoGrafix/0/5">
<Data name="depth_elev">
<value>2065-2075</value>
</Data>
<Data name="structure_type">
<value>Mossbacks</value>
</Data>
<Data name="cove_name_location">
<value>Windy Hill (East)</value>
</Data>
<Data name="lake">
<value>Roosevelt Lake</value>
</Data>
<Data name="date">
<value>2017-10-02</value>
</Data>
<Data name="id">
<value>1512</value>
</Data>
<Data name="structures">
<value>20</value>
</Data>
<Data name="installed_by">
<value>AGFD</value>
</Data>
</ExtendedData>
</extensions>
</wpt>
<wpt lat="33.67000000" lon="-111.09000000">
<time>2024-03-01T15:46:45.031Z</time>
<extensions>
<label xmlns="http://www.topografix.com/GPX/gpx_overlay/0/5">
</label>
<ExtendedData xmlns="http://www.topografix.com/GPX/Private/TopoGrafix/0/5">
<Data name="depth_elev">
<value>2065-2075</value>
</Data>
<Data name="structure_type">
<value>Mossbacks</value>
</Data>
<Data name="cove_name_location">
<value>Windy Hill (West)</value>
</Data>
<Data name="lake">
<value>Roosevelt Lake</value>
</Data>
<Data name="date">
<value>2017-10-02</value>
</Data>
<Data name="id">
<value>1513</value>
</Data>
<Data name="structures">
<value>20</value>
</Data>
<Data name="installed_by">
<value>AGFD</value>
</Data>
</ExtendedData>
</extensions>
</wpt>
<wpt lat="33.67000000" lon="-111.13000000">
<time>2024-03-01T15:46:45.031Z</time>
<extensions>
<label xmlns="http://www.topografix.com/GPX/gpx_overlay/0/5">
</label>
<ExtendedData xmlns="http://www.topografix.com/GPX/Private/TopoGrafix/0/5">
<Data name="depth_elev">
<value>2065-2075</value>
</Data>
<Data name="structure_type">
<value>Mossbacks</value>
</Data>
<Data name="cove_name_location">
<value>Cottonwood Cove</value>
</Data>
<Data name="lake">
<value>Roosevelt Lake</value>
</Data>
<Data name="date">
<value>2017-10-03</value>
</Data>
<Data name="id">
<value>1514</value>
</Data>
<Data name="structures">
<value>40</value>
</Data>
<Data name="installed_by">
<value>AGFD</value>
</Data>
</ExtendedData>
</extensions>
</wpt>
<wpt lat="33.70000000" lon="-111.14000000">
<time>2024-03-01T15:46:45.031Z</time>
<extensions>
<label xmlns="http://www.topografix.com/GPX/gpx_overlay/0/5">
</label>
<ExtendedData xmlns="http://www.topografix.com/GPX/Private/TopoGrafix/0/5">
<Data name="depth_elev">
<value>2050-2089</value>
</Data>
<Data name="structure_type">
<value>Mossbacks</value>
</Data>
<Data name="cove_name_location">
<value>Fools Pass (West)</value>
</Data>
<Data name="lake">
<value>Roosevelt Lake</value>
</Data>
<Data name="date">
<value>2017-10-03</value>
</Data>
<Data name="id">
<value>1516</value>
</Data>
<Data name="structures">
<value>4</value>
</Data>
<Data name="installed_by">
<value>AGFD</value>
</Data>
</ExtendedData>
</extensions>
</wpt>
<wpt lat="33.67000000" lon="-111.08000000">
<time>2024-03-01T15:46:45.031Z</time>
<extensions>
<label xmlns="http://www.topografix.com/GPX/gpx_overlay/0/5">
</label>
<ExtendedData xmlns="http://www.topografix.com/GPX/Private/TopoGrafix/0/5">
<Data name="depth_elev">
<value>2065-2075</value>
</Data>
<Data name="structure_type">
<value>Mossbacks</value>
</Data>
<Data name="cove_name_location">
<value>Windy Hill (East)</value>
</Data>
<Data name="lake">
<value>Roosevelt Lake</value>
</Data>
<Data name="date">
<value>2017-10-03</value>
</Data>
<Data name="id">
<value>1520</value>
</Data>
<Data name="structures">
<value>20</value>
</Data>
<Data name="installed_by">
<value>AGFD</value>
</Data>
</ExtendedData>
</extensions>
</wpt>
<wpt lat="33.70000000" lon="-111.14000000">
<time>2024-03-01T15:46:45.031Z</time>
<extensions>
<label xmlns="http://www.topografix.com/GPX/gpx_overlay/0/5">
</label>
<ExtendedData xmlns="http://www.topografix.com/GPX/Private/TopoGrafix/0/5">
<Data name="depth_elev">
<value>2065-2075</value>
</Data>
<Data name="structure_type">
<value>Mossbacks</value>
</Data>
<Data name="cove_name_location">
<value>Fools Pass (West)</value>
</Data>
<Data name="lake">
<value>Roosevelt Lake</value>
</Data>
<Data name="date">
<value>2017-10-04</value>
</Data>
<Data name="id">
<value>1523</value>
</Data>
<Data name="structures">
<value>36</value>
</Data>
<Data name="installed_by">
<value>AGFD</value>
</Data>
</ExtendedData>
</extensions>
</wpt>
<wpt lat="33.70000000" lon="-111.18000000">
<time>2024-03-01T15:46:45.031Z</time>
<extensions>
<label xmlns="http://www.topografix.com/GPX/gpx_overlay/0/5">
</label>
<ExtendedData xmlns="http://www.topografix.com/GPX/Private/TopoGrafix/0/5">
<Data name="depth_elev">
<value>2069-2074</value>
</Data>
<Data name="structure_type">
<value>Mossbacks</value>
</Data>
<Data name="cove_name_location">
<value>Vineyard Flat</value>
</Data>
<Data name="lake">
<value>Roosevelt Lake</value>
</Data>
<Data name="date">
<value>2018-06-14</value>
</Data>
<Data name="id">
<value>1530</value>
</Data>
<Data name="structures">
<value>14</value>
</Data>
<Data name="installed_by">
<value>AGFD</value>
</Data>
</ExtendedData>
</extensions>
</wpt>
<wpt lat="33.70000000" lon="-111.18000000">
<time>2024-03-01T15:46:45.031Z</time>
<extensions>
<label xmlns="http://www.topografix.com/GPX/gpx_overlay/0/5">
</label>
<ExtendedData xmlns="http://www.topografix.com/GPX/Private/TopoGrafix/0/5">
<Data name="depth_elev">
<value>2065-2070</value>
</Data>
<Data name="structure_type">
<value>Mossbacks</value>
</Data>
<Data name="cove_name_location">
<value>Vineyard Flat</value>
</Data>
<Data name="lake">
<value>Roosevelt Lake</value>
</Data>
<Data name="date">
<value>2018-07-23</value>
</Data>
<Data name="id">
<value>1531</value>
</Data>
<Data name="structures">
<value>24</value>
</Data>
<Data name="installed_by">
<value>AGFD</value>
</Data>
</ExtendedData>
</extensions>
</wpt>
<extensions>
</extensions>
</gpx>
